Date,Close,High,Low,Open,Volume
5/10/2019,41.56999969,45,41.06000137,42,186322500
5/13/2019,37.09999847,39.24000168,36.08000183,38.79000092,79442400
5/14/2019,39.95999908,39.95999908,36.84999847,38.31000137,46661100
5/15/2019,41.29000092,41.88000107,38.95000076,39.36999893,36086100
5/16/2019,43,44.06000137,41.25,41.47999954,38115500
5/17/2019,41.90999985,43.29000092,41.27000046,41.97999954,20225700
5/20/2019,41.59000015,41.68000031,39.45999908,41.18999863,29222300
5/21/2019,41.5,42.24000168,41.25,42,10802900
5/22/2019,41.25,41.27999878,40.5,41.04999924,9089500
5/23/2019,40.47000122,41.09000015,40.02000046,40.79999924,11119900
5/24/2019,41.50999832,41.50999832,40.5,41.27999878,8786800
5/28/2019,40.95000076,41.79999924,40.59999847,41.70000076,13391600
5/29/2019,39.93999863,40.70999908,39.14699936,40.52000046,14060400
5/30/2019,39.79999924,40.38000107,39.5,40.06999969,26451900
5/31/2019,40.40999985,41.56999969,39.40999985,41.15000153,23209800
6/3/2019,41.25,41.84999847,40.24000168,40.74399948,16605300
6/4/2019,42.75,42.88000107,40.70000076,42.56000137,23432100
6/5/2019,45,45.65999985,42.5,42.86999893,28609600
6/6/2019,44.91999817,45.75,44.27999878,45,16403700
6/7/2019,44.15999985,45.66999817,44.13000107,44.91999817,12654700
6/10/2019,42.61000061,44.59000015,42.52999878,44.02000046,11618700
6/11/2019,42.45000076,43.65000153,41.79999924,43.22000122,9095000
6/12/2019,42.16999817,42.65000153,41.70999908,42.52000046,5965300
6/13/2019,44.31000137,44.34999847,42.79999924,43.04999924,10178900
6/14/2019,43.22999954,44.79999924,43.11000061,44.75,7902200
6/17/2019,43.77999878,44.07899857,42.93000031,43.27999878,6557600
6/18/2019,43.86000061,44.88999939,43.75,44.29999924,7313600
6/19/2019,44.86000061,45.5,43.95000076,44.45999908,10331500
6/20/2019,43.86000061,45.29000092,43.50999832,45.02999878,9567400
6/21/2019,44,44.13999939,43.38000107,43.84999847,4974000
6/24/2019,43.09000015,44.06999969,42.81999969,44,5985100
6/25/2019,43.09000015,43.79000092,42.44300079,43.27999878,5753300
6/26/2019,42.5,43.40000153,42.36000061,43.25,8109100
6/27/2019,45.13000107,45.29999924,43.20000076,43.34999847,20155100
6/28/2019,46.38000107,47.08000183,45.08000183,45.09999847,28657000
7/1/2019,44.27000046,47.04000092,44.06000137,46.97999954,17660500
7/2/2019,44,44.68000031,43.75,44.54999924,11881300
7/3/2019,44.22999954,44.45999908,43.79000092,44,3380000
7/5/2019,43.52999878,44.54999924,43.00999832,44.31000137,8239500
7/8/2019,42.95000076,43.84999847,42.75,43.59000015,9304100
7/9/2019,44.20000076,44.22999954,42.97999954,43.18000031,5251600
7/10/2019,43.70000076,44.79999924,43.56000137,44.47999954,9746500
7/11/2019,43.99000168,44.29000092,43.31000137,44.09999847,8050900
7/12/2019,43.99000168,44.24000168,43.38999939,44.15999985,8760500
7/15/2019,44.52999878,44.70000076,43.97000122,44.20000076,5811200
7/16/2019,44.13000107,44.97999954,44.02000046,44.59999847,5613300
7/17/2019,43.61999893,44.34999847,43.52000046,44.06000137,5854100
7/18/2019,43.70999908,43.84999847,43.18999863,43.5,4078700
7/19/2019,43.18000031,44.08599854,43.15999985,43.90000153,4021000
7/22/2019,43.68999863,43.72000122,43.00999832,43.25,3815300
7/23/2019,43.36000061,44.31000137,43.11000061,43.75,5110100
7/24/2019,43.75999832,43.86999893,43.36000061,43.36000061,3775700
7/25/2019,43.40000153,43.95999908,43.20999908,43.72000122,4412000
7/26/2019,44.52000046,44.95999908,43.38999939,43.41999817,7598800
7/29/2019,43.88000107,45.6269989,43.11999893,45,8652200
7/30/2019,42.59000015,43.74000168,42.49000168,43.70999908,7686300
7/31/2019,42.13999939,42.97999954,41.84000015,42.59999847,5970800
8/1/2019,41.31000137,42.5359993,41,42.13999939,7349700
8/2/2019,40.40000153,41.06000137,39.95000076,41.02999878,8225700
8/5/2019,39.04999924,39.41999817,38.43299866,39.34999847,9799300
8/6/2019,39.15000153,40.80799866,38.36000061,39.68000031,8570300
8/7/2019,39.70000076,39.99000168,38.31999969,39.06000137,8896000
8/8/2019,42.97000122,43,41.25,41.97999954,29610500
8/9/2019,40.04999924,40.68000031,38.70999908,39.56000137,35138800
8/12/2019,37,39.95000076,37,39.83000183,21231300
8/13/2019,36.45000076,37.45999908,36.11999893,37,18990600
8/14/2019,33.95999908,36.29999924,33.36000061,36,24481600
8/15/2019,33.22000122,34.54999924,32.91999817,34.52000046,13265800
8/16/2019,35.22999954,35.47999954,33.40000153,33.45999908,13883200
8/19/2019,34.61000061,35.79999924,34.36999893,35.52999878,10853100
8/20/2019,35.29000092,36.06999969,34.38999939,34.47999954,10760700
8/21/2019,34.90999985,35.83000183,34.75,35.5,7923000
8/22/2019,34,34.90999985,33.52000046,34.79999924,8513300
8/23/2019,33.43000031,34.22999954,33.11999893,33.65000153,8160600
8/26/2019,33.31000137,33.83000183,33.06000137,33.66999817,5662500
8/27/2019,33.11000061,34.24000168,32.97999954,33.68999863,6574800
8/28/2019,32.59000015,33.04999924,32.25999832,32.56000137,6245500
8/29/2019,32.75999832,33.29999924,32.59999847,32.90000153,5772200
8/30/2019,32.56999969,33.13000107,32.04000092,33,6628700
9/3/2019,30.70000076,32.52999878,30.66500092,32.09999847,12154000
9/4/2019,31.98999977,32.36000061,30.85000038,30.90999985,10357600
9/5/2019,32.50999832,33.02999878,32.25,32.33000183,7933300
9/6/2019,31.86000061,32.74000168,31.40999985,32.70999908,7036000
9/9/2019,32.24000168,32.38999939,31.45999908,32.04999924,7448400
9/10/2019,33.50999832,33.74000168,31.64999962,32,10817100
9/11/2019,34,35.13999939,33.02000046,33.38000107,14715800
9/12/2019,34.06999969,34.48600006,33.33000183,34.13999939,7734800
9/13/2019,33.25,34.43500137,32.93999863,34.25,9428600
9/16/2019,34.43000031,34.79999924,33.47000122,33.59999847,7942600
9/17/2019,34.29000092,34.75,33.54999924,34.75,5561300
9/18/2019,34.25999832,34.88999939,33.75,34.34999847,6608300
9/19/2019,33.81999969,34.63999939,33.68000031,34.20000076,6869600
9/20/2019,32.59999847,34.21699905,32.5,33.97999954,11935400
9/23/2019,33,33.00999832,32.06000137,32.52000046,5513000
9/24/2019,31.29999924,33.14500046,31.01000023,33,10579900
9/25/2019,31.68000031,31.71999931,30.76000023,31.27000046,7875000
9/26/2019,31.56999969,32.13000107,31.12999916,31.71999931,6058700
9/27/2019,30.29000092,31.89999962,30.12999916,31.70999908,11846700
9/30/2019,30.46999931,30.73500061,30.17000008,30.39999962,4986600
10/1/2019,29.14999962,30.51000023,28.64999962,30.37000084,13380200
10/2/2019,29,29.54999924,28.30999947,28.67000008,8782400
10/3/2019,29.71999931,29.87999916,28.52000046,28.96999931,9412000
10/4/2019,29.67000008,30.18000031,28.89999962,29.89999962,8597700
10/7/2019,30.37000084,30.75,29.82999992,30.60000038,10083800
10/8/2019,29.28000069,30.14999962,29.17000008,30.01000023,7769100
10/9/2019,29.06999969,29.62000084,28.80999947,29.62000084,7112900
10/10/2019,28.87000084,29.28000069,28.57999992,29.20999908,7716300
10/11/2019,30.12999916,30.39999962,28.94000053,28.95000076,10216900
10/14/2019,31.12000084,31.54000092,29.81900024,30.21999931,7945400
10/15/2019,32,32.16999817,31.19499969,31.20000076,7843800
10/16/2019,31.87000084,32.38000107,31.43799973,31.79999924,7781600
10/17/2019,32.61999893,32.93000031,31.45000076,31.79999924,7200800
10/18/2019,32.06000137,32.65999985,31.27000046,32.54999924,7844500
10/21/2019,31.40999985,32.28300095,31.18499947,31.95000076,7203400
10/22/2019,32.52999878,33.88999939,30.21999931,31.40999985,19214800
10/23/2019,33.04999924,33.27000046,32.16999817,32.86999893,6709800
10/24/2019,33.27999878,33.41999817,32.50999832,33,6729300
10/25/2019,32.70999908,33.47999954,32.61000061,33.20000076,8077300
10/28/2019,33.22000122,33.35499954,32.5,32.90000153,7532800
10/29/2019,32.41999817,32.91999817,31.81500053,32.36999893,9319200
10/30/2019,33.75,33.79999924,32.11000061,32.50999832,10732700
10/31/2019,31.5,33.36000061,31.26000023,33.22999954,15912400
11/1/2019,31.37000084,31.70000076,30.74099922,31.45000076,10434300
11/4/2019,31.07999992,31.75,30.12000084,31.45000076,28787400
11/5/2019,28.02000046,29.29999924,27.96999931,29.12999916,51963500
11/6/2019,26.94000053,27.54999924,25.57999992,26.05999947,130965700
11/7/2019,27.37999916,27.42000008,26.45000076,26.79999924,65861400
11/8/2019,27.01000023,27.62000084,26.91500092,27.47999954,44923600
11/11/2019,27.13999939,27.20999908,26.22999954,27.03000069,41138100
11/12/2019,26.70000076,27.65999985,26.65999985,27.37999916,37095400
11/13/2019,26.70999908,26.81999969,26.13999939,26.46999931,32678300
11/14/2019,25.98999977,26.86000061,25.66500092,26.79999924,27893900
11/15/2019,26.79000092,26.79999924,25.95499992,26.18000031,41236200
11/18/2019,26.75,27,26.29999924,26.79999924,35916100
11/19/2019,27.04999924,27.21999931,26.61000061,26.77000046,31793500
11/20/2019,28.03000069,28.39999962,26.94499969,27.05999947,52746600
11/21/2019,29.45999908,29.60000038,28.5,28.67000008,54551400
11/22/2019,29.55999947,30.12999916,29.20999908,29.84000015,42302900
11/25/2019,29.11000061,29.60000038,28.37999916,28.69000053,36967500
11/26/2019,29.53000069,30.14999962,29.36000061,29.48999977,28746600
11/27/2019,29.48999977,29.59000015,28.87999916,29.42000008,22421400
11/29/2019,29.60000038,29.85000038,29.25,29.40999985,8115100
12/2/2019,28.97999954,29.52499962,28.70000076,29.31999969,16927100
12/3/2019,29.02000046,29.32999992,28.14999962,28.20000076,25252400
12/4/2019,29.05999947,29.20000076,28.70000076,29.10000038,22517600
12/5/2019,28.64999962,28.98999977,28.18000031,28.94000053,22504300
12/6/2019,27.86000061,28.92499924,27.79999924,28.39999962,32816100
12/9/2019,27.68000031,28.36000061,27.68000031,27.95999908,20977300
12/10/2019,27.88999939,27.99300003,27.60499954,27.72999954,23602700
12/11/2019,28.42000008,28.54500008,27.85000038,27.98999977,23281700
12/12/2019,28.69000053,28.75,28.19000053,28.29000092,23569900
12/13/2019,28.48999977,28.84000015,28.27000046,28.57999992,25431600
12/16/2019,30.04999924,30.12999916,29.10000038,29.11000061,57382500
12/17/2019,29.75,30.42000008,29.53000069,30.37000084,38250700
12/18/2019,30.12999916,30.13999939,29.34000015,29.62000084,35375100
12/19/2019,29.98999977,30.17000008,29.53000069,29.84000015,33799700
12/20/2019,30.45000076,31.03000069,29.85000038,30.10000038,95455100
12/23/2019,30.32999992,30.94000053,29.82999992,30.48999977,31209100
12/24/2019,30.44000053,30.84000015,30.11000061,30.32999992,12938600
12/26/2019,30.67000008,30.79000092,30.03000069,30.46999931,22200800
12/27/2019,30.17000008,31.05999947,30.17000008,30.79999924,18462200
12/30/2019,29.73999977,30.20000076,29.35000038,30.12999916,18805900
12/31/2019,29.73999977,29.95000076,28.89999962,29.11000061,16228400
1/2/2020,30.98999977,31,29.79000092,29.94000053,20578900
1/3/2020,31.37000084,31.43000031,30.47999954,30.62000084,18822700
1/6/2020,31.57999992,32.06000137,31,31.01000023,21204700
1/7/2020,32.81000137,32.84000015,31.36000061,31.79000092,30119600
1/8/2020,33.93000031,34.52000046,32.45999908,32.72999954,43944400
1/9/2020,33.97000122,34.47000122,33.22000122,34.45000076,29385500
1/10/2020,34.00999832,34.99000168,33.83499908,34.08000183,34266400
1/13/2020,34.13999939,34.34000015,33.54999924,34.29000092,16915800
1/14/2020,34.84000015,35.02000046,33.91999817,34.20000076,26019000
1/15/2020,35.00999832,35.14899826,34.50999832,34.90000153,20762200
1/16/2020,34.68000031,35.06000137,34.18000031,35.02999878,21947800
1/17/2020,35.13000107,35.25,34.65000153,34.97000122,17251200
1/21/2020,37.59999847,37.79999924,35.40999985,35.5,48746700
1/22/2020,37.04000092,37.93999863,36.91999817,37.93999863,29765200
1/23/2020,37.40000153,37.95000076,36.72499847,36.97000122,21366000
1/24/2020,36.79999924,37.66500092,36.25,37.5,21598000
1/27/2020,36.29999924,36.65000153,34.18999863,35.22999954,18818000
1/28/2020,37.00999832,37.33000183,36.04000092,37.13999939,28974000
1/29/2020,36.99000168,37.56499863,36.79999924,36.97999954,16863000
1/30/2020,36.68000031,37.13199997,35.95000076,36.81999969,22847000
1/31/2020,36.29000092,37.04000092,35.68999863,37,21553700
2/3/2020,37.59000015,37.63999939,36.52999878,36.75,23494600
2/4/2020,38.52999878,38.99000168,37.25999832,37.86999893,32425900
2/5/2020,36.81000137,38.97000122,36.73500061,38.88999939,38413300
2/6/2020,37.09000015,37.38999939,36.72999954,37.29999924,52699300
2/7/2020,40.63000107,41,38.86000061,39.97999954,112325800
2/10/2020,40.00999832,41.34000015,39.95999908,40.65000153,60840800
2/11/2020,41.27000046,41.46500015,40.04999924,40.25,33896000
2/12/2020,41.25,41.86000061,41.06499863,41.5,26444900
2/13/2020,40.09000015,41.54999924,40,40.93000031,23850900
2/14/2020,39.65999985,40.31000137,38.70000076,40.02000046,32014200
2/18/2020,40.18000031,40.27000046,39.45000076,39.49000168,22149300
2/19/2020,41.04999924,41.22999954,40.11500168,40.41999817,23287300
2/20/2020,40.91999817,41.18999863,39.84999847,41,25446400
2/21/2020,40.72000122,40.88999939,40.04999924,40.88999939,20595500
2/24/2020,38.31000137,39.13999939,37.75,38.20999908,37123200
2/25/2020,35.88999939,39.15000153,35.5,38.90000153,49281600
2/26/2020,34.45000076,36.16500092,33.88999939,35.52999878,44051400
2/27/2020,32.45000076,34.15999985,30.67000008,32.02999878,66557200
2/28/2020,33.86999893,34.29000092,31,31.80999947,52049300
3/2/2020,32.84999847,34.08000183,31.73999977,34.04999924,46662000
3/3/2020,33.04000092,34.18000031,31.89999962,34.02000046,35182400
3/4/2020,34.52999878,35.34000015,32.27999878,33.93000031,44738600
3/5/2020,32.20999908,33.56999969,31.96999931,33.47000122,32764500
3/6/2020,31.68000031,32.40999985,30.45000076,31.22999954,34808700
3/9/2020,28.17000008,30.31999969,28.14999962,28.5,37439200
3/10/2020,28.96999931,29.86000061,27,29.46999931,36308300
3/11/2020,26.23999977,28.13999939,25.61000061,27.90999985,43067800
3/12/2020,22.61000061,24.69000053,22.11000061,23.26000023,54042000
3/13/2020,22.60000038,24.80999947,21.12999916,24.01000023,53844400
3/16/2020,20.29000092,21.48999977,19.10000038,20.14999962,56914000
3/17/2020,18.90999985,20.30999947,18.01000023,20.18000031,60003900
3/18/2020,14.81999969,17.79999924,13.71000004,17.76000023,78286200
3/19/2020,20.48999977,21.26000023,15.69999981,15.96000004,83988700
3/20/2020,21.32999992,23.88999939,20.61000061,22.53000069,76529700
3/23/2020,22.39999962,22.72999954,19.72999954,21.06999969,47787100
3/24/2020,26.38999939,26.84000015,23.59000015,24.40999985,58505000
3/25/2020,26.19000053,28.45000076,25.30999947,26.18000031,52473900
3/26/2020,28.12000084,28.44000053,25.78000069,26.60000038,41336400
3/27/2020,27.28000069,28.03000069,25.06999969,25.81999969,40292200
3/30/2020,27.82999992,28.38999939,25.30999947,26.32999992,37725700
3/31/2020,27.92000008,28.25,26.92000008,27.75,43126400
4/1/2020,25.42000008,26.7670002,24.80999947,26.5,38538400
4/2/2020,23.68000031,25.20000076,23,25.01000023,35838200
4/3/2020,22.81999969,23.79000092,21.67000008,23.72999954,40572000
4/6/2020,25.98999977,26.09000015,23.93000031,24.12999916,34692600
4/7/2020,25.73999977,28.11000061,25.5,27.95000076,36433800
4/8/2020,26.94000053,27.87800026,25.79000092,26,36166900
4/9/2020,27.11000061,28.88999939,26.45999908,27.87999916,36190200
4/13/2020,27.98999977,28.07999992,26.46999931,27.04000092,24671600
4/14/2020,27.75,28.77000046,27.01300049,28,32625300
4/15/2020,27.40999985,27.79000092,26.44000053,26.81999969,18720900
4/16/2020,27.03000069,28.04999924,26.45999908,27.20999908,24088700
4/17/2020,28,28.79000092,27.26000023,28.69000053,34129800
4/20/2020,28.19000053,28.76000023,26.89999962,27.06999969,32224000
4/21/2020,27.19000053,28.14999962,26.60000038,27.5,20969100
4/22/2020,28.23999977,28.55999947,27.51000023,27.96999931,21199400
4/23/2020,28.32999992,29.25,28.24099922,28.75,26992400
4/24/2020,29.48999977,29.59000015,28.13999939,28.51000023,20634900
4/27/2020,30.07999992,30.48999977,29.4109993,29.73999977,31705800
4/28/2020,30.12000084,31.82999992,29.36000061,31,27383200
4/29/2020,31.37000084,32,30.32999992,31,28288100
4/30/2020,30.27000046,31.04999924,29.75,30.5,20095400
5/1/2020,28.38999939,29.71999931,28.32500076,29.12999916,19290200
5/4/2020,27.42000008,28.06999969,26.57999992,27.55999947,23428300
5/5/2020,28.06999969,28.9090004,27.44000053,28.25,30725400
5/6/2020,27.81999969,28.05999947,26.80999947,27.5,31076500
5/7/2020,30.93000031,31.64999962,29.57999992,29.60000038,62229500
5/8/2020,32.79000092,33.29999924,31.63999939,32.59000015,69458100
5/11/2020,31.63999939,32.38499832,31.40999985,31.97999954,26439200
5/12/2020,32.40000153,34.45000076,30.40999985,31.42000008,89586000
5/13/2020,33.02000046,33.06000137,30.82999992,32.29999924,47279500
5/14/2020,32.79000092,33.04000092,31.23999977,32.52999878,32912600
5/15/2020,32.47000122,32.88999939,31.59000015,32.25999832,25950000
5/18/2020,33.61999893,36,32.99000168,33.70000076,47534600
5/19/2020,33.40000153,34,32.86000061,33.68000031,20223600
5/20/2020,34.47999954,34.77000046,33.81999969,34.11999893,21386700
5/21/2020,34.25999832,35.00999832,33.47000122,34.45000076,24075300
5/22/2020,34.83000183,34.93000031,33.56999969,34.15000153,18675700
5/26/2020,34.56000137,36,34.5,35.97000122,23483200
5/27/2020,34.88000107,35,33.09999847,34.41999817,27514600
5/28/2020,34.15000153,35.09999847,33.81999969,34.90000153,21951900
5/29/2020,36.31999969,36.45000076,34,34.18000031,72393800
6/1/2020,35.81999969,36.38999939,35.15999985,35.63999939,21893800
6/2/2020,35.81000137,36.41999817,35.25999832,36.15999985,19328400
6/3/2020,36.75,37.36800003,36.13999939,36.20000076,23051800
6/4/2020,36.43000031,37.29999924,36.27999878,36.41999817,17423600
6/5/2020,37.20999908,38.78300095,36.91999817,37.52999878,30393400
6/8/2020,37.08000183,37.90000153,36.09000015,37.86999893,30099500
6/9/2020,36.59000015,37.33000183,36.25,36.70000076,15127300
6/10/2020,34.83000183,36.79999924,34.26499939,36.68999863,43473700
6/11/2020,31.10000038,33.24499893,30.88999939,32.63000107,45298700
6/12/2020,32.24000168,32.74000168,31.04000092,32.72999954,27685200
6/15/2020,32.66999817,32.68000031,31.02000046,31.15999985,21350300
6/16/2020,33.49000168,34.16999817,32.43000031,34,21377100
6/17/2020,33.29000092,33.59500122,33.01100159,33.5,14827700
6/18/2020,33.40000153,33.43999863,32.79999924,33,15495800
6/19/2020,32.29999924,34.02000046,32.27000046,33.97999954,29426300
6/22/2020,32.68000031,32.84999847,31.43000031,32.43000031,17790300
6/23/2020,33.04999924,33.20999908,32.59000015,32.88000107,13622100
6/24/2020,30.45999908,32.93000031,30.45499992,32.75,29477200
6/25/2020,30.57999992,30.85499954,29.55999947,30,19142800
6/26/2020,29.61000061,30.44000053,29.20999908,30.44000053,46482300
6/29/2020,29.62999916,29.75,28.38999939,29.51000023,20795400
6/30/2020,31.07999992,31.25,30.12999916,30.82999992,21282800
7/1/2020,30.43000031,31.26499939,30.16200066,30.95999908,13611500
7/2/2020,30.68000031,31.56999969,30.51000023,31.02000046,14981100
7/6/2020,32.52000046,33.20000076,31.76000023,33.09999847,42392200
7/7/2020,32.81999969,33.56000137,32.38999939,32.45999908,34874700
7/8/2020,33.93000031,33.97000122,32.68000031,33.20999908,24602400
7/9/2020,33.15000153,34.45999908,32.25999832,34.24000168,25061800
7/10/2020,33.13999939,33.54999924,32.65000153,33.13999939,13586300
7/13/2020,31.71999931,33.59999847,31.65999985,33.20999908,19604800
7/14/2020,30.93000031,31.37999916,30.47999954,31.35000038,21781800
7/15/2020,32.81000137,32.97000122,31.68000031,32.09999847,20976500
7/16/2020,32.34999847,32.59000015,31.54999924,32.04999924,11090800
7/17/2020,32.54999924,32.81600189,31.85000038,32.58000183,13658700
7/20/2020,33.65999985,33.92499924,32.34999847,32.47999954,16213600
7/21/2020,32.54999924,34.22999954,32.52999878,34.15999985,16725100
7/22/2020,32.65999985,32.88000107,32.33000183,32.43999863,12128400
7/23/2020,32.16999817,33.02000046,31.9829998,32.33000183,12749800
7/24/2020,31.18000031,31.79999924,30.46999931,31.73999977,16896100
7/27/2020,30.98999977,31.60000038,30.75,31.20999908,10182300
7/28/2020,30.80999947,31.23999977,30.35000038,30.79000092,12977100
7/29/2020,31.02000046,31.26000023,30.77000046,30.92000008,8215900
7/30/2020,30.23999977,30.68000031,29.96999931,30.64999962,13062900
7/31/2020,30.26000023,30.42000008,29.78499985,30.39999962,16346800
8/3/2020,31.19000053,31.29500008,30.05999947,30.23999977,17078900
8/4/2020,32.68000031,32.84500122,31.17000008,31.17000008,21958100
8/5/2020,33.20000076,33.31999969,32.5,33.09999847,16987800
8/6/2020,34.70999908,34.79499817,33.20999908,33.27000046,38601500
8/7/2020,32.90000153,33.70000076,32.45000076,33.09000015,39071200
8/10/2020,32.27000046,33.18000031,31.51000023,33.04000092,21347600
8/11/2020,31.20999908,32.20999908,30.64999962,31.65999985,31569900
8/12/2020,30.84000015,32.22000122,30.69000053,31.45999908,23375900
8/13/2020,30.45999908,31.32999992,30.31999969,30.52000046,21976800
8/14/2020,29.98999977,30.48999977,29.81500053,30.39999962,17631600
8/17/2020,29.47999954,30.12000084,29.13999939,30.04999924,18544700
8/18/2020,30.07999992,30.45999908,29.40999985,29.5,29398200
8/19/2020,29.42000008,30.34900093,29.38999939,30.14999962,14050300
8/20/2020,31.40999985,31.70000076,28.47999954,29.12999916,56663300
8/21/2020,30.82999992,31.81999969,30.7140007,31.38999939,20217000
8/24/2020,31.04000092,31.29999924,30.37000084,30.96999931,17406200
8/25/2020,31.19000053,31.19000053,30.60000038,31.04000092,10056800
8/26/2020,32.29999924,32.70999908,30.95000076,31.01000023,20599800
8/27/2020,32.79999924,33.06999969,32.27000046,32.40000153,21306500
8/28/2020,33.79999924,33.93999863,32.81999969,33,17825600
8/31/2020,33.63000107,33.91999817,33.13999939,33.61999893,14980600
9/1/2020,34.29999924,34.50999832,33.14500046,33.45000076,16013900
9/2/2020,34.36999893,34.50500107,33.29000092,34.20999908,16552700
9/3/2020,33.40999985,34.74000168,32.95000076,34.08000183,17288800
9/4/2020,33.24000168,33.65000153,31.54999924,33.33000183,17480600
9/8/2020,34.31999969,35.09999847,32.15999985,32.36000061,33683500
9/9/2020,35.00999832,35.5,34.11000061,34.11000061,22803500
9/10/2020,35.97999954,36.77999878,35.18999863,35.20000076,35468300
9/11/2020,36.97999954,37.14500046,36.25400162,36.29999924,27130900
9/14/2020,37.95000076,38,37.08000183,37.09999847,28016000
9/15/2020,37.47000122,38.47999954,37.27000046,37.95000076,23532600
9/16/2020,37.65999985,38.52000046,37.38999939,37.38999939,21787100
9/17/2020,37.06000137,37.44499969,36.13999939,36.68000031,23534800
9/18/2020,37.11999893,37.56499863,36.38999939,37.15000153,68428600
9/21/2020,36.49000168,36.58000183,35.11999893,35.86000061,19100800
9/22/2020,34.40000153,36.54999924,34.09999847,36.52999878,28242800
9/23/2020,33.54999924,34.80500031,33.40000153,34.45000076,15796900
9/24/2020,33.34999847,34,32.88999939,33.65999985,16404100
9/25/2020,34.45999908,34.5,33.20000076,33.20000076,10736300
9/28/2020,35.56000137,36.625,35.25999832,35.79999924,22878400
9/29/2020,35.43000031,35.65000153,34.59500122,35.56000137,16488700
9/30/2020,36.47999954,36.5,35.27999878,35.27999878,21386300
10/1/2020,37.13999939,37.82799911,36.58000183,36.86000061,19187500
10/2/2020,37.72000122,37.99000168,35.93999863,36,20123400
10/5/2020,37.13999939,38,36.88000107,37.70000076,13093100
10/6/2020,36.25999832,37.36999893,36.04000092,37.16999817,13074700
10/7/2020,36.77999878,37.11000061,36.36500168,36.59000015,13782100
10/8/2020,37.34000015,37.83000183,36.95999908,37,12212400
10/9/2020,37.27000046,38.34999847,37.18999863,37.90999985,13172000
10/12/2020,36.25999832,37.56000137,36.17499924,37.56000137,16569400
10/13/2020,35.56000137,36.22999954,35.02000046,36.22000122,15463100
10/14/2020,35.11000061,36.09000015,35.07500076,35.68999863,15397200
10/15/2020,34.25999832,34.81000137,34.02000046,34.68000031,15443800
10/16/2020,33.72000122,34.79999924,33.61000061,34.77999878,14899700
10/19/2020,34.22000122,34.59000015,34,34.15999985,19278600
10/20/2020,36.31000137,36.75999832,34.52999878,34.52999878,29820700
10/21/2020,35.20000076,36.25,34.875,36.25,19058700
10/22/2020,36.70000076,36.88999939,34.91500092,35.41999817,14243600
10/23/2020,36.75,36.99000168,35.92399979,36.5,15960600
10/26/2020,35.49000168,36.74000168,35.11999893,36.5,12511700
10/27/2020,34.15999985,35.70000076,34.02000046,35.50999832,13692100
10/28/2020,33.65000153,33.65999985,32.90000153,33.61999893,15787900
10/29/2020,34.06000137,34.93500137,33.33000183,33.70999908,13735300
10/30/2020,33.40999985,34.38999939,33.15499878,33.90999985,13506200
11/2/2020,34.81000137,35.04999924,34.06000137,34.15000153,18350500
11/3/2020,35.77000046,36.15000153,35.15000153,35.27000046,16208800
11/4/2020,40.99000168,42.15000153,39,40.65999985,101818200
11/5/2020,41.95999908,42.04999924,40.00999832,40.33000183,34177600
11/6/2020,44.86999893,45.38000107,41.61999893,42.09000015,57670700
11/9/2020,48.18000031,49.61999893,47.29999924,48.00999832,61632300
11/10/2020,47,49.36000061,46.04499817,46.74000168,33079800
11/11/2020,46.22999954,47.52000046,45.90999985,46.72000122,19213700
11/12/2020,46.40000153,47.47000122,45.04999924,45.38999939,16251600
11/13/2020,47.61000061,47.79000092,45.93000031,47.11000061,15552400
11/16/2020,49.20999908,50.09000015,48.47999954,48.74000168,29301700
11/17/2020,48.88999939,49.61999893,48.5,48.72000122,16638300
11/18/2020,49.11000061,49.95000076,48.33000183,48.77000046,17783500
11/19/2020,49.25999832,49.90999985,48.65000153,49.09999847,13480300
11/20/2020,48.43000031,50.75,48.27000046,49.97999954,17330400
11/23/2020,50.04000092,50.88000107,48.50999832,48.65999985,17147100
11/24/2020,51.25999832,52.15000153,50.48400116,50.61999893,16216200
11/25/2020,50.79999924,51.45000076,49.91999817,51.27000046,11641600
11/27/2020,50.72000122,51.18999863,50.20000076,50.93000031,8339200
11/30/2020,49.65999985,51.00500107,48.52999878,50.22000122,17221500
12/1/2020,49.63000107,51.40999985,49.06999969,50,20605500
12/2/2020,53.09000015,53.45000076,48.52999878,49.25999832,30381500
12/3/2020,52.52000046,53.49000168,52.11999893,53.29999924,13122400
12/4/2020,54.86000061,54.86000061,52.70999908,52.70999908,22207900
12/7/2020,53.79999924,54.86999893,53.65000153,54.59000015,13764400
12/8/2020,53.00999832,54.22000122,52.34999847,52.40000153,26167300
12/9/2020,53.79000092,56.02000046,53.06000137,53.97999954,46777900
12/10/2020,54.34999847,54.61999893,51.29999924,52.33000183,20207700
12/11/2020,52.63000107,55.02500153,52.33000183,54.47000122,16817900
12/14/2020,51.45999908,53.43999863,51.24000168,53.27000046,19048500
12/15/2020,51,52.82500076,50.86999893,52.11999893,17504700
12/16/2020,50.49000168,51.68000031,50.29000092,51.18000031,19577800
12/17/2020,50.63000107,51.29999924,50.16999817,50.59000015,19688300
12/18/2020,50.61999893,50.95000076,49.52000046,50.81000137,24355200
12/21/2020,51.79999924,52.34999847,48.79000092,49,23562900
12/22/2020,53.77999878,54.36000061,51.91999817,52.11000061,23871800
12/23/2020,53.70999908,54.09000015,52.99000168,53.79999924,12671100
12/24/2020,52.88000107,53.625,52.29000092,53.59999847,6316800
12/28/2020,51.97000122,53.13000107,51.56000137,53.02000046,12059000
12/29/2020,52.27000046,52.99000168,51.47000122,52.33000183,10140600
12/30/2020,53.15000153,53.84999847,52.22000122,52.72000122,9518600
12/31/2020,51,53.27999878,51,53.27999878,13282800
1/4/2021,51.13999939,52.31999969,49.63499832,52.22000122,17291800
1/5/2021,54.00999832,54.18999863,50.75999832,51,21403200
1/6/2021,52.47999954,54.06999969,52,53.31000137,17738100
1/7/2021,56.13000107,56.25,53.20000076,53.36999893,23737500
1/8/2021,53.27999878,54.79000092,52.58000183,54.39500046,37999400
1/11/2021,54.59000015,55,52.99000168,53.11000061,23213800
1/12/2021,58.54000092,59.38999939,55,55.5,52128200
1/13/2021,59.40000153,59.88000107,57.52999878,58.54000092,24178500
1/14/2021,56.90999985,60.02999878,56.70000076,60,26561000
1/15/2021,55.52000046,57.90000153,55,57.49000168,23708800
1/19/2021,56.29999924,56.84199905,55,56.38999939,16953700
1/20/2021,56.38000107,57.97999954,55.47000122,57,16904300
1/21/2021,55.79000092,57,55.31399918,56.56999969,13432000
1/22/2021,54.31000137,55.47000122,54.00999832,55.25,19570500
1/25/2021,54.29000092,54.52000046,49.65000153,54.5,40890100
1/26/2021,51.91999817,55.52000046,51.52999878,54.61999893,25677000
1/27/2021,48.11000061,50.86000061,47.15000153,49.97000122,33283400
1/28/2021,51.58000183,52.52000046,49.88000107,50.11999893,28114700
1/29/2021,50.93000031,51.49000168,49.63499832,50.63000107,18743200
2/1/2021,52.75999832,52.90000153,51.34999847,52.11999893,15570900
2/2/2021,56.45999908,58.02999878,54.88999939,55.11000061,30286800
2/3/2021,57.11999893,58.13000107,56.74000168,57.86999893,13519000
2/4/2021,57.84999847,57.84999847,56.11000061,56.45000076,13841600
2/5/2021,58.58000183,58.70800018,57.36999893,58.15999985,15729200
2/8/2021,59.29000092,60.11000061,58.68999863,59.70000076,18403700
2/9/2021,59.61000061,61.06000137,58.61999893,58.90999985,23510700
2/10/2021,63.18000031,63.5,60.79999924,62,36972900
2/11/2021,60.70999908,64.05000305,60.39500046,63.25,41363400
2/12/2021,60.63000107,60.93000031,59.31499863,60.11999893,14607800
2/16/2021,60.52000046,61.31000137,59.84000015,61.02000046,15413100
2/17/2021,60.81000137,60.95000076,58.95000076,60.33000183,12670000
2/18/2021,59,60.29000092,58.22999954,60,15135600
2/19/2021,58.38999939,60.45700073,58.11299896,58.36000061,28097000
2/22/2021,55.31000137,58.09999847,54.81600189,57.75999832,25565400
2/23/2021,56,56.36999893,51.88999939,53.5,23947500
2/24/2021,53.90999985,55.15000153,53.65999985,54.95000076,24627000
2/25/2021,51.45000076,54.59999847,50.86000061,54.58000183,27049100
2/26/2021,51.75,52.75,50.61000061,52.06999969,16349800
3/1/2021,54.40000153,54.75999832,53.29999924,53.66999817,18481100
3/2/2021,54.65000153,55.61999893,54.18899918,55.54000092,15199500
3/3/2021,56.11000061,57.79999924,54.65000153,55.93000031,28485400
3/4/2021,53.06999969,57.15999985,51.61000061,55.75,27409600
3/5/2021,55.54000092,55.83000183,50.81000137,54.27999878,31576200
3/8/2021,53.20000076,56.45000076,52.88999939,55.5,19912100
3/9/2021,55.25,56.15000153,54.72000122,56,17192900
3/10/2021,57.68000031,58.90000153,56.27000046,57.20999908,27997000
3/11/2021,58.95000076,59.47999954,58.22000122,58.79999924,17293800
3/12/2021,60.34999847,60.59000015,57.61999893,58.97000122,14839300
3/15/2021,60.18999863,60.52999878,59.11999893,60.34999847,14985000
3/16/2021,58.84999847,61.02000046,58.38000107,59.99000168,12885700
3/17/2021,56.36000061,57.56999969,55.54000092,57.06999969,25509900
3/18/2021,55.68999863,57.47999954,55.20999908,56.63000107,15737000
3/19/2021,57.08000183,57.18000031,54.34000015,55.47999954,17396300
3/22/2021,55.68999863,57.61000061,55.47000122,57.25,14149400
3/23/2021,53.49000168,55.63000107,53.11000061,55.63000107,14513500
3/24/2021,52.56999969,54.95999908,52.54000092,54.45999908,13700800
3/25/2021,53.88999939,54.27999878,51.79999924,52,13210700
3/26/2021,54.70999908,55.25,53.52000046,54.40999985,13528200
3/29/2021,53.34999847,54.79999924,52.84999847,54.79999924,9724800
3/30/2021,53.45999908,54.11999893,52.63999939,52.99000168,9497200
3/31/2021,54.50999832,55.18000031,53.58000183,53.95999908,14760500
4/1/2021,57.59999847,57.63000107,54.81000137,55.61000061,18703400
4/5/2021,57.40000153,58.41999817,56.63999939,58.09999847,13490200
4/6/2021,58.04999924,58.99000168,57.15999985,57.34000015,13579200
4/7/2021,56.88999939,58.13000107,55.95000076,58.02000046,12921900
4/8/2021,57.83000183,57.93999863,56.54000092,56.65000153,9498500
4/9/2021,57.68000031,57.88000107,56.40000153,57.31999969,10228500
4/12/2021,59.43999863,60.77000046,58.75,59.04999924,36041300
4/13/2021,60.63999939,61.00999832,58.52999878,59.65000153,21006100
4/14/2021,59.22999954,61.5,59.18000031,60.11000061,18959800
4/15/2021,60.74000168,61.09000015,59.54999924,59.88000107,17500200
4/16/2021,60.34999847,60.84999847,59.54000092,60.74000168,11856100
4/19/2021,57.84999847,60.22000122,57.52000046,60,16956900
4/20/2021,55.47999954,58.11999893,55.24399948,58,19081100
4/21/2021,55.77000046,56.20000076,54.61000061,55,11523900
4/22/2021,56.27999878,57.21900177,55.18999863,55.84999847,16936200
4/23/2021,57.93000031,57.95000076,56.38999939,56.56000137,8758800
4/26/2021,57.61000061,58.36000061,57.33000183,58.04999924,8361600
4/27/2021,57.15999985,58.40000153,57.04999924,58.31999969,12926800
4/28/2021,58.43999863,58.47999954,56.65999985,56.88000107,9269700
4/29/2021,54.93000031,59.22000122,53.11000061,59,43408000
4/30/2021,54.77000046,55.65000153,54.11000061,54.29999924,16736600
5/3/2021,54.84999847,56.13000107,54.84000015,55.11999893,13903300
5/4/2021,52.99000168,54.72000122,52.00999832,54.52000046,19336600
5/5/2021,51.18000031,54.06999969,50.63000107,53.86999893,43970500
5/6/2021,46.65000153,49.81000137,45.72000122,48.38999939,79242400
5/7/2021,47.02999878,48.59999847,46.53499985,47.22000122,27933900
5/10/2021,45.79000092,47.84999847,45.59999847,47.70999908,28309800
5/11/2021,46.20999908,46.79000092,44.18199921,44.5,29106900
5/12/2021,43.81000137,46.10499954,43.16999817,45.90000153,32117400
5/13/2021,44.47999954,46.09999847,43.56000137,44.99000168,36205100
5/14/2021,47.41999817,47.70999908,44.84999847,45.02999878,25323300
5/17/2021,47.50999832,47.93999863,46.50999832,47.24000168,17475300
5/18/2021,49.16999817,50.29000092,48.52500153,49.66999817,28244400
5/19/2021,49.47000122,49.83000183,47.36999893,47.52999878,16517500
5/20/2021,49.33000183,49.95000076,48.75999832,49.56999969,18822300
5/21/2021,48.81999969,49.95000076,48.75999832,49.56999969,20013200
5/24/2021,50.02999878,50.40000153,48.84999847,49.33000183,16768400
5/25/2021,50.45999908,51.59000015,50.43999863,50.74000168,16930900
5/26/2021,51.11999893,51.36000061,49.75999832,50.31999969,16393700
5/27/2021,50.70999908,51.68999863,48.72000122,51.43999863,51346000
5/28/2021,50.83000183,51.74000168,50.47000122,50.67499924,14226800
6/1/2021,50.97999954,51.65999985,49.84000015,51.61999893,16583800
6/2/2021,50.79000092,51.40999985,50.54999924,51.18999863,13484200
6/3/2021,48.70000076,50.5,48.52999878,50.43000031,14712900
6/4/2021,50.18000031,50.22000122,49.06999969,49.56000137,10409800
6/7/2021,50.75999832,51.22000122,49.75,50.49000168,16466200
6/8/2021,49.88000107,51.40000153,48.65999985,50.70000076,19672700
6/9/2021,49.13999939,50.16999817,49.11000061,50,12615200
6/10/2021,49.54999924,49.89500046,48.42499924,49.68999863,14926500
6/11/2021,50.00999832,50.36000061,49.53499985,50.02999878,12127100
6/14/2021,50.77000046,51.49000168,49.56000137,50.06000137,15437300
6/15/2021,49.29999924,49.95500183,49.09000015,49.54999924,20358600
6/16/2021,48.88999939,49.65999985,48.29000092,49.34999847,18975800
6/17/2021,49.70000076,49.83499908,48.31000137,48.95999908,18911400
6/18/2021,49.70000076,50.38999939,48.77500153,49.31000137,20633500
6/21/2021,48.11999893,49.86000061,47.90000153,49.72000122,30752200
6/22/2021,49.04999924,49.34000015,47.75,48.29999924,19472500
6/23/2021,50.50999832,50.77000046,49.00999832,49.06000137,19843300
6/24/2021,50.81999969,51.54999924,50.22000122,51.29999924,12403300
6/25/2021,51.72999954,51.83000183,50.52999878,51.18000031,25727800
6/28/2021,51.11000061,52.36000061,50.36500168,51.75,22518000
6/29/2021,50.75999832,51.29999924,50.24000168,51,14104200
6/30/2021,50.11999893,51.13000107,49.70999908,51.02000046,18069400
7/1/2021,50.59000015,51.59999847,50.02000046,50.88000107,17727600
7/2/2021,51.70999908,51.82500076,50.38999939,50.56999969,13690400
7/6/2021,50.79999924,52.02999878,50.40000153,50.59999847,21357800
7/7/2021,48.68000031,51.02999878,48.54000092,50.79999924,24559500
7/8/2021,47.54999924,48.20999908,46.56999969,47.15999985,24930200
7/9/2021,49.06999969,49.25,47.70999908,47.84000015,15401000
7/12/2021,48.40999985,49.29000092,48.09000015,48.86999893,14142300
7/13/2021,48.08000183,48.59000015,47.75,48.49000168,11283600
7/14/2021,47.15000153,48.59000015,47.11000061,48.27999878,15837000
7/15/2021,46.41999817,47.45999908,46.15000153,46.86000061,17225300
7/16/2021,46.18999863,47.09000015,46.00999832,46.40000153,18224500
7/19/2021,45.56000137,45.74700165,44.43500137,45,20890600
7/20/2021,46.31999969,46.65999985,45.06999969,45.45999908,13851400
7/21/2021,47.52000046,47.93999863,46.34999847,46.52999878,14953700
7/22/2021,47.56999969,48.16999817,47.24000168,47.70000076,11560800
7/23/2021,47.45999908,47.68999863,46.77999878,47.61000061,9540700
7/26/2021,46.81000137,47.59999847,46.36999893,47.04000092,12498000
7/27/2021,45.81999969,46.65999985,44.76499939,46.54000092,16874200
7/28/2021,46.13999939,46.96300125,45.81000137,45.88000107,19510300
7/29/2021,44.68999863,45.20999908,44,44.11999893,51033700
7/30/2021,43.45999908,44.72999954,43.34000015,44.38000107,22194900
8/2/2021,43.49000168,44.29000092,43.44499969,44.09999847,26579900
8/3/2021,42.79000092,43.68000031,41.61999893,43.56000137,37622200
8/4/2021,41.81000137,42.81999969,41.36999893,42.70000076,42969100
8/5/2021,43.06999969,44.65000153,40.15000153,40.5,60871500
8/6/2021,44.27999878,44.93500137,43.65000153,43.74000168,25514900
8/9/2021,43.25,44.27000046,43.20999908,44.18999863,19238400
8/10/2021,43.5,44.24000168,43.25,43.70000076,26675200
8/11/2021,43.08000183,43.5,42,43.40999985,21766100
8/12/2021,42.72999954,42.96500015,42.18000031,42.86000061,16549100
8/13/2021,42.22000122,43.02999878,42.20000076,42.79999924,8598800
8/16/2021,41.5,41.79000092,40.86000061,41.75999832,19223500
8/17/2021,41,41.47999954,40.58000183,41,20364400
8/18/2021,40.88000107,41.52999878,40.79999924,40.97000122,13682300
8/19/2021,39.86000061,40.59999847,39.50999832,40.27999878,22471400
8/20/2021,39.95000076,40.08000183,39.24000168,39.68999863,18080700
8/23/2021,41,41.08000183,38.84000015,39,33901300
8/24/2021,40.16999817,41.20999908,39.97000122,41.09999847,44872800
8/25/2021,41.54999924,42.11000061,40.04000092,40.43999863,26498400
8/26/2021,40.61999893,41.93999863,40.54000092,41.49000168,17473400
8/27/2021,40.68999863,41.31000137,40.5,40.52999878,13612500
8/30/2021,39.59000015,40.74000168,39.11000061,40.58000183,29516300
8/31/2021,39.13999939,40.27500153,39.125,39.81000137,26396000
9/1/2021,40.61999893,41.66500092,39.86999893,39.97999954,27788600
9/2/2021,41.40000153,41.86000061,40.53699875,40.75,20645400
9/3/2021,40.31999969,41.57500076,40.22999954,41.22000122,15444900
9/7/2021,40.95000076,41.08000183,40.31000137,40.49000168,15708600
9/8/2021,40.06999969,41.34000015,39.83000183,40.84999847,16219900
9/9/2021,40.34999847,40.95000076,39.84000015,40.09999847,14260300
9/10/2021,39.88999939,40.83000183,39.86500168,40.61999893,14230600
9/13/2021,40.06999969,41.18999863,39.25999832,40.25999832,28868800
9/14/2021,39.00999832,40.09999847,38.54999924,39.90000153,36717300
9/15/2021,38.47999954,39,38.08000183,39,30368800
9/16/2021,39.52000046,39.66999817,38.09000015,38.29999924,25374000
9/17/2021,39.75,40.22499847,39.29000092,39.90000153,32165000
9/20/2021,39.79000092,40.22000122,38.72999954,38.88000107,35417600
9/21/2021,44.36000061,45,42.18000031,42.34000015,106631700
9/22/2021,44.86999893,46.61999893,44.61000061,44.90000153,56455100
9/23/2021,45.47999954,45.84000015,44.70999908,45.34999847,26232800
9/24/2021,46.63000107,47.04499817,45.29100037,45.45999908,29458300
9/27/2021,47.25,47.43000031,46.18999863,46.77000046,23034800
9/28/2021,45.97999954,47,45.75999832,46.70000076,23707900
9/29/2021,44.52000046,46.52999878,44.29999924,46,24599500
9/30/2021,44.79999924,45.36500168,43.86000061,44.70999908,16650600
10/1/2021,47.04999924,47.25,45.79000092,45.91500092,25428300
10/4/2021,45.72000122,46.83000183,45.20000076,46.47000122,21588200
10/5/2021,45.61000061,46.08000183,45.34500122,45.90999985,12433900
10/6/2021,47.00999832,47.18000031,45,45.33000183,24868700
10/7/2021,47.90999985,48.23799896,46.88999939,47.63999939,25961600
10/8/2021,47.77000046,48.88000107,47.60499954,48.08000183,17980400
10/11/2021,46.29000092,47.86999893,46.27999878,47.70000076,16336800
10/12/2021,46.72000122,47.04999924,46.15499878,46.33000183,12404200
10/13/2021,46.40999985,47,45.93999863,46.25999832,13754400
10/14/2021,47.27999878,47.93999863,46.84000015,46.97999954,18514000
10/15/2021,48.36000061,48.84000015,47.34000015,47.90999985,20581700
10/18/2021,47.06999969,47.95000076,46.75,47.68000031,19806700
10/19/2021,47.04999924,47.68999863,46.74000168,47.20000076,16500200
10/20/2021,46,47.54000092,45.93000031,47.15000153,15570900
10/21/2021,46.47000122,47.54000092,45.52000046,45.97000122,15741000
10/22/2021,45.50999832,46.5,45.22999954,46,19259200
10/25/2021,45.72000122,46.06999969,45.01699829,45.66999817,12955500
10/26/2021,46.02000046,47.68999863,45.86000061,46.27999878,19491800
10/27/2021,44.72999954,46.54999924,44.16500092,46.47000122,26999800
10/28/2021,44.61999893,45.41199875,44.38299942,45,14768800
10/29/2021,43.81999969,44.79999924,43.56999969,44.49000168,18283200
11/1/2021,44.36000061,45.02500153,43.65000153,44.06999969,20983900
11/2/2021,42.88999939,44.34999847,42.33100128,44.34000015,28002600
11/3/2021,45.72000122,46.25999832,44.70999908,45.33000183,38499600
11/4/2021,45.27000046,46.52999878,44.99000168,45.54000092,31903000
11/5/2021,47.18999863,48.74000168,46.61000061,47.5,45641500
11/8/2021,45.88999939,47.64500046,45.81999969,47.08000183,25257900
11/9/2021,45.50999832,45.97999954,43.68000031,45.90999985,33588900
11/10/2021,43.38000107,45.25,42.59999847,44.90000153,33712200
11/11/2021,43.27999878,43.72000122,42.43999863,43.31999969,27307800
11/12/2021,45.11999893,45.13000107,43.56999969,43.56999969,29804600
11/15/2021,43.61000061,45.25999832,43.56000137,45.11000061,19690000
11/16/2021,45.75999832,46.65999985,44.86100006,45.54000092,46219700
11/17/2021,44.11000061,45.63999939,43.90000153,45.36000061,25036400
11/18/2021,45,45.32500076,43.57500076,44.52999878,27839900
11/19/2021,44.22999954,44.72000122,43.5,43.93000031,21465500
11/22/2021,42.59999847,44.40000153,41.80500031,43.95999908,31355200
11/23/2021,42.68000031,43.13999939,41.59999847,42.38000107,18099400
11/24/2021,42.08000183,42.36999893,41.24000168,42,17118200
11/26/2021,40.52000046,40.61999893,38.77000046,39.61000061,35453600
11/29/2021,39.70000076,41.25,38.77999878,41.06000137,27724400
11/30/2021,38,39.95000076,37.03499985,39.25,55268500
12/1/2021,36.02000046,39.5,35.79999924,39.45000076,47316400
12/2/2021,38.11999893,38.39500046,36.45000076,36.54999924,32267000
12/3/2021,35.84999847,37.84000015,35.25999832,37.41999817,47392700
12/6/2021,38.49000168,38.68999863,35.43999863,35.95000076,36689200
12/7/2021,38.08000183,40.22000122,37.75999832,39.40000153,40443300
12/8/2021,38.81000137,39.40999985,38.00999832,38.29999924,29688600
12/9/2021,37.54000092,38.70000076,37.47499847,38.43999863,22994800
12/10/2021,36.66999817,37.86999893,36.61000061,37.40999985,25760600
12/13/2021,35.72999954,36.30799866,34.88000107,36.18000031,38394700
12/14/2021,37.25999832,38.45000076,35.20999908,35.25,45491700
12/15/2021,37.83000183,38.375,36.24000168,36.90999985,37612600
12/16/2021,37.70000076,38.57699966,37.125,38.25,31478400
12/17/2021,39.68000031,40,36.74000168,37.20000076,51048100
12/20/2021,39.70000076,40.14899826,38.08000183,38.45000076,28153700
12/21/2021,41.97000122,42.08000183,39.81999969,39.81999969,28385200
12/22/2021,43.02000046,43.22999954,41.45000076,41.95000076,27675700
12/23/2021,43.90999985,44.34999847,42.75999832,43.02999878,21763400
12/27/2021,42.95999908,44.24000168,42.81999969,43.43999863,28285000
12/28/2021,42.54000092,43.74000168,42.29999924,42.59999847,21481000
12/29/2021,42.45999908,42.93000031,41.81499863,42.72000122,15908600
12/30/2021,42.65999985,43.34000015,42.20000076,42.29000092,13516300
12/31/2021,41.93000031,43.11999893,41.93000031,42.52999878,13746900
1/3/2022,43.95000076,44.40499878,41.88999939,42.47999954,26089000
1/4/2022,44.41999817,44.79999924,42.58000183,44.22999954,30845300
1/5/2022,43.24000168,45.90000153,42.86000061,44.29000092,28498700
1/6/2022,42.02999878,44.08000183,40.97000122,43.11000061,32434300
1/7/2022,41.50999832,42.65000153,41.20000076,42,24875800
1/10/2022,42.59999847,42.81000137,40.15999985,41.47999954,29783800
1/11/2022,43.61999893,44.16999817,42.18999863,42.36000061,22161000
1/12/2022,43.04000092,44.09999847,42.53499985,43.99000168,18993900
1/13/2022,42.86999893,43.91999817,42.72499847,43.34000015,17190100
1/14/2022,41.50999832,42.72000122,40.35499954,42.40000153,25817800
1/18/2022,38.40999985,40.95999908,38.36999893,40.95999908,36873700
1/19/2022,37.86000061,38.88999939,37.11500168,38.20999908,35552500
1/20/2022,37.81999969,39.63999939,37.75,38.29000092,21720100
1/21/2022,35.93999863,37.59999847,35.84500122,37.40999985,41836800
1/24/2022,36.27999878,36.41999817,33.50999832,34.90999985,49261600
1/25/2022,34.81999969,36.09000015,34.51499939,35.47000122,29577000
1/26/2022,34.79999924,36.68000031,34.45000076,36.06999969,29495900
1/27/2022,34.09000015,35.79000092,33.93999863,35.36999893,26086700
1/28/2022,35.20999908,35.22000122,32.81000137,34.16999817,28007100
1/31/2022,37.40000153,37.54000092,35.29999924,35.34000015,22899300
2/1/2022,38.61000061,38.70500183,37.20000076,37.63000107,19669900
2/2/2022,37.16999817,38.61999893,37.02999878,38.52999878,19591100
2/3/2022,34.54000092,36.74000168,34.29999924,36.08000183,32192100
2/4/2022,37.04999924,37.35499954,34.36000061,35,33082100
2/7/2022,37.54000092,39.04999924,36.98500061,36.98500061,30303200
2/8/2022,38.34000015,38.56999969,36.95000076,37.25,25857600
2/9/2022,40.18999863,40.40000153,38.15999985,38.81000137,52614100
2/10/2022,37.75,42.56000137,37.34999847,41,113915000
2/11/2022,35.29000092,38.65000153,34.47999954,37.95999908,72568400
2/14/2022,34.59000015,35.99000168,34.31999969,35.20000076,44556700
2/15/2022,37.09000015,37.20999908,35.11000061,35.43999863,38183500
2/16/2022,36.58000183,37.38999939,36.27000046,36.63000107,33165900
2/17/2022,35.70999908,37.43000031,35.40999985,36.13000107,28432100
2/18/2022,34.68000031,36.32500076,34.66999817,35.52000046,28199900
2/22/2022,33.68000031,35.09999847,33.27999878,34.20999908,28731300
2/23/2022,32.38999939,34.20999908,32.29999924,33.88999939,27254800
2/24/2022,34.86999893,34.95000076,29.70999908,29.96999931,42978100
2/25/2022,34.97999954,35.27199936,34.00999832,34.84000015,23691500
2/28/2022,36.02999878,36.31000137,34.98500061,35.25999832,44865200
3/1/2022,33.88999939,35.59999847,33.65000153,35.45000076,31436200
3/2/2022,34.04000092,34.22000122,32.97000122,34,26112500
3/3/2022,31.71999931,34.29100037,31.41500092,34.22000122,38337600
3/4/2022,29.82999992,31.72999954,29.27000046,31.5,52098700
3/7/2022,28.56999969,31.93799973,28.54999924,31.47999954,60265800
3/8/2022,30.73999977,31.56999969,28.27799988,28.51000023,55014700
3/9/2022,31.5,32.72999954,31.20000076,31.75,33734500
3/10/2022,30.40999985,31.14500046,29.84000015,30.86000061,30785900
3/11/2022,30.76000023,31.38999939,30.42000008,31.29999924,29454700
3/14/2022,29.27000046,30.54999924,28.79999924,30.51000023,41897400
3/15/2022,29.79999924,30.40999985,29.05999947,29.52000046,33060500
3/16/2022,32.61000061,32.63499832,30.27000046,30.53000069,34688800
3/17/2022,32.84999847,32.91999817,31.56999969,32.34000015,27278600
3/18/2022,33.36000061,33.41999817,32.33000183,32.52000046,35827800
3/21/2022,31.97999954,32.81999969,31.25,32.81999969,35200600
3/22/2022,33.34999847,33.59999847,31.84000015,31.93000031,21852800
3/23/2022,33.06000137,33.68000031,32.56999969,32.70999908,19024700
3/24/2022,34.70000076,34.95000076,33.43999863,34.74000168,52533600
3/25/2022,34.06000137,34.91999817,33.54999924,34.54999924,28078800
3/28/2022,34.77000046,34.90999985,33.72999954,34.13999939,22175200
3/29/2022,37.18999863,37.45000076,35.56999969,35.56999969,37969000
3/30/2022,36.58000183,37.0890007,36.20500183,36.65999985,22306500
3/31/2022,35.68000031,36.72999954,35.36999893,36.5,20608700
4/1/2022,35.97999954,36.47999954,35.40000153,35.68000031,16793300
4/4/2022,36.50999832,36.93000031,36.21500015,36.40000153,20217800
4/5/2022,34.95999908,36.61000061,34.72000122,36.34999847,20984200
4/6/2022,33.40999985,34,32.54999924,33.85499954,28854800
4/7/2022,32.27000046,33.34000015,31.02000046,33.34000015,34581000
4/8/2022,32.04999924,32.55099869,31.57999992,31.92000008,17991000
4/11/2022,32.04000092,32.68999863,31.11000061,31.36000061,19680300
4/12/2022,31.98999977,33.09500122,31.70999908,32.40000153,32619800
4/13/2022,32.63000107,33.11000061,31.93000031,32,20186400
4/14/2022,32.68000031,33.46500015,32.63999939,32.86000061,18763000
4/18/2022,31.79000092,32.60499954,31.42000008,32.54999924,24413800
4/19/2022,33.79999924,33.99000168,31.96999931,32.15999985,23319600
4/20/2022,33.20999908,34.31999969,33.18000031,33.99000168,21330500
4/21/2022,31.68000031,34.40999985,31.37000084,34.25,32937100
4/22/2022,30.82999992,32.22499847,30.79999924,31.62000084,22748900
4/25/2022,32.43999863,32.5,30.45999908,30.59000015,29416300
4/26/2022,31.32999992,32.20000076,31,32.04000092,26981900
4/27/2022,30.68000031,31.97999954,30.15999985,31.10000038,30762600
4/28/2022,32.81999969,32.86999893,30.97999954,31,30251600
4/29/2022,31.47999954,33.15000153,31.40999985,32.52000046,24948600
5/2/2022,30.38999939,31.35000038,29.51000023,31.23999977,45651000
5/3/2022,29.46999931,30.59000015,28.85000038,30.14999962,58340700
5/4/2022,28.10000038,28.39999962,25.89999962,27.40999985,115601800
5/5/2022,26.82999992,28.82999992,26.20000076,27.87000084,52804200
5/6/2022,26.06999969,26.84000015,24.75,26.84000015,56575100
5/9/2022,23.04999924,26.06500053,22.79999924,25.40999985,58095900
5/10/2022,23.67000008,24.54999924,22.79999924,23.85000038,47982500
5/11/2022,22.56999969,24.14999962,22.5,23.28000069,51137700
5/12/2022,23.29000092,24.05999947,21.69000053,22.14999962,63999300
5/13/2022,24.38999939,24.87100029,23.68000031,23.87999916,53577600
5/16/2022,23.59000015,24.45999908,23.39999962,24.30999947,27285200
5/17/2022,24.20000076,24.89999962,23.59000015,24.31999969,33859400
5/18/2022,22.45999908,24.18799973,22.34000015,23.97999954,35747300
5/19/2022,23.23999977,23.80999947,22.20000076,22.29000092,36461200
5/20/2022,23.35000038,24.10000038,22.40999985,23.80999947,32104700
5/23/2022,23.78000069,23.82999992,22.70999908,23.31999969,35204800
5/24/2022,21.54999924,23.73999977,21.40999985,23.69000053,40726100
5/25/2022,22.04000092,22.35499954,21.27499962,21.70999908,31270800
5/26/2022,23.10000038,23.28000069,21.92499924,22.14999962,30199400
5/27/2022,23.67000008,24.12999916,23.32999992,23.48999977,29710200
5/31/2022,23.20000076,23.89999962,23.0340004,23.5,33194800
6/1/2022,22.94000053,23.87000084,22.56500053,23.53000069,26383600
6/2/2022,24.73999977,24.82999992,22.94000053,23.06999969,30691100
6/3/2022,24.14999962,24.49500084,23.72500038,24.17000008,24283600
6/6/2022,24.72999954,25.43499947,24.28000069,24.86000061,29834700
6/7/2022,25.29999924,25.70000076,24.06999969,24.20000076,27453700
6/8/2022,25.82999992,26.54999924,25.29999924,25.70000076,31225300
6/9/2022,25.44000053,26.69000053,25.35499954,25.94000053,42063600
6/10/2022,23.71999931,24.97100067,23.64999962,24.79999924,29868000
6/13/2022,21.56999969,22.58499908,21.34300041,22.21999931,33130300
6/14/2022,21.09000015,21.95199966,20.8939991,21.71999931,43006300
6/15/2022,22.03000069,22.38999939,21.23999977,21.34000015,36073700
6/16/2022,20.46999931,21.39999962,20.15500069,21.04000092,55312400
6/17/2022,21.80999947,21.95999908,20.37000084,20.37000084,46728400
6/21/2022,21.76000023,22.45999908,21.69000053,22,35257700
6/22/2022,21.5,22.20999908,21.29999924,21.40999985,32314400
6/23/2022,22.37000084,22.44000053,21.38999939,21.62999916,27010500
6/24/2022,23.03000069,23.19000053,22.29999924,22.47999954,38140100
6/27/2022,22.86000061,23.63999939,22.34499931,23.45000076,27153400
6/28/2022,22.07999992,23.45999908,22.04000092,22.96999931,24350100
6/29/2022,21.46999931,22.14999962,21.07999992,22.11000061,30704800
6/30/2022,20.45999908,21.12599945,19.89500046,21.11000061,30882500
7/1/2022,21.34000015,21.37000084,20.43000031,20.70000076,20693300
7/5/2022,22.52000046,22.54999924,20.82999992,21.17000008,24500300
7/6/2022,21.5,22.07999992,21.31999969,21.5,32689400
7/7/2022,22.73999977,22.75900078,21.61000061,21.63999939,23121900
7/8/2022,22.34000015,22.95999908,21.83200073,22.43000031,20231300
7/11/2022,21.19000053,22.25,21.13999939,21.95000076,17546900
7/12/2022,21.56999969,21.78000069,20.97500038,21.28000069,17373500
7/13/2022,21.5,21.61000061,20.71999931,20.93000031,18994900
7/14/2022,20.64999962,21.46500015,20.5909996,21.25,31561700
7/15/2022,21.67000008,21.78000069,20.76499939,21,24503600
7/18/2022,22.57999992,23.20000076,22.11000061,22.17000008,30935900
7/19/2022,22.67000008,23.07999992,22.19000053,22.75,23148900
7/20/2022,24.12000084,24.21999931,22.80500031,22.88999939,27844600
7/21/2022,24.22999954,24.25,23.60000038,24.02000046,18425400
7/22/2022,23.29999924,24.80999947,23.08499908,24.32999992,20209400
7/25/2022,23.35000038,23.54000092,22.62999916,23.27000046,12923000
7/26/2022,22.54999924,23.14999962,22.45000076,23.14999962,24402800
7/27/2022,23.09000015,23.31999969,22.48999977,23,28384300
7/28/2022,23.30999947,23.42000008,22.13999939,22.88999939,22886100
7/29/2022,23.45000076,23.48500061,22.38999939,23.18000031,29406600
8/1/2022,24.60000038,24.62000084,22.88500023,23.43000031,46960700
8/2/2022,29.25,29.43000031,27.10000038,28.48999977,107926300
8/3/2022,30.19000053,31.43000031,29.36000061,29.71999931,62061200
8/4/2022,31.85000038,32.22999954,29.60000038,29.78000069,55573600
8/5/2022,32.00999832,32.63000107,31.04000092,31.20000076,39963600
8/8/2022,31.85000038,32.95500183,31.65999985,32.33000183,28064900
8/9/2022,31.05999947,31.54999924,30.71999931,31.37000084,27042900
8/10/2022,32.79999924,33.18999863,32.22999954,32.43999863,31318100
8/11/2022,32.24000168,33.36000061,32.04199982,33.15999985,24624600
8/12/2022,32.47000122,32.75999832,31.70000076,32.59000015,21950700
8/15/2022,32.49000168,32.90999985,31.93000031,32.09999847,14149200
8/16/2022,32.38000107,32.72499847,31.32999992,32.08000183,28072300
8/17/2022,30.71999931,31.70999908,30.44000053,31.64999962,24239400
8/18/2022,30.14999962,30.62000084,29.86000061,30.55999947,20831600
8/19/2022,29.01000023,29.56999969,28.62999916,29.5,24180900
8/22/2022,28,28.80500031,27.87000084,28.34000015,20233100
8/23/2022,27.80999947,28.67499924,27.75,28.05999947,24298300
8/24/2022,28.70999908,29.21999931,27.85000038,27.93000031,20022500
8/25/2022,29.62000084,29.63999939,28.80999947,28.88999939,15470900
8/26/2022,28.57999992,29.70999908,28.36000061,29.51000023,16490800
8/29/2022,28.73999977,29.19000053,28.05999947,28.10000038,17245100
8/30/2022,28.70999908,29.29000092,28.12000084,29.18000031,24409300
8/31/2022,28.76000023,29.87999916,28.75,29.11000061,20740700
9/1/2022,28.92000008,28.95000076,27.69000053,28.17000008,17828100
9/2/2022,29.04999924,29.63500023,28.64999962,29.5,14604400
9/6/2022,28.88999939,29.37000084,28.28000069,29.34000015,20422800
9/7/2022,30.03000069,30.14999962,28.81999969,28.90999985,20632200
9/8/2022,30.68000031,30.89999962,29.29000092,29.42000008,29393500
9/9/2022,31.78000069,32.04999924,30.88999939,31,28055900
9/12/2022,32.5,32.61999893,31.85000038,31.95000076,29349900
9/13/2022,31.31999969,31.78000069,30.21999931,30.69000053,29364700
9/14/2022,33.04999924,33.13999939,31.10000038,31.25,34493400
9/15/2022,33.13000107,34.32500076,32.74000168,32.95000076,41849100
9/16/2022,31.93000031,32.14500046,30.87999916,30.95999908,50970700
9/19/2022,31.48999977,31.97999954,31.05999947,31.44000053,22867600
9/20/2022,31.48999977,32.56000137,31.19000053,31.48999977,23652400
9/21/2022,30.46999931,31.67499924,30.35000038,31.45000076,22328400
9/22/2022,28.57999992,30.19000053,28.53000069,30.19000053,29038100
9/23/2022,27.81999969,28.34000015,27.36000061,28.01000023,26472600
9/26/2022,26.88999939,28.15999985,26.81999969,27.70999908,24953800
9/27/2022,27.56999969,28.48999977,27.15999985,27.67000008,22392800
9/28/2022,28.04000092,28.15999985,27.19000053,27.43000031,21290400
9/29/2022,26.42000008,27.71999931,26,27.65999985,26160700
9/30/2022,26.5,27.30999947,26.15999985,26.15999985,23894900
10/3/2022,26.71999931,26.89999962,25.95999908,26.76000023,19940800
10/4/2022,29.19000053,29.25,27.60000038,27.625,25462200
10/5/2022,29.18000031,29.64999962,28.30999947,28.47999954,21458500
10/6/2022,29.72999954,30.23999977,28.95999908,29.20000076,25399500
10/7/2022,28.06999969,28.86000061,27.92000008,28.82999992,19690200
10/10/2022,27.53000069,28.45000076,27.22999954,28.23999977,13413500
10/11/2022,24.65999985,26.04999924,22.94000053,25.54500008,92468800
10/12/2022,25.97999954,26.11499977,24.55999947,25.04999924,30945900
10/13/2022,25,26.02499962,24.19000053,24.46999931,32838500
10/14/2022,24.70999908,26.06999969,24.65999985,25.64999962,22540000
10/17/2022,25.94000053,26.26499939,25.07999992,25.26000023,25074900
10/18/2022,27.61000061,27.70999908,26.49500084,27.06999969,25643300
10/19/2022,27.53000069,27.72999954,26.85000038,27.05999947,15428500
10/20/2022,27.87000084,28.68000031,27.23999977,27.31999969,20835300
10/21/2022,28.02000046,28.43499947,27.15999985,27.5,20651600
10/24/2022,27.64999962,27.97999954,26.51000023,27.70999908,19194200
10/25/2022,28.36000061,28.54500008,27.32999992,28,17366400
10/26/2022,28.20000076,28.97999954,27.86499977,28.17000008,17315900
10/27/2022,27.81999969,28.76000023,27.65999985,28.39999962,16768600
10/28/2022,27.5,27.87999916,26.48999977,27.80999947,27116700
10/31/2022,26.56999969,27.72999954,26.29999924,27.61000061,37327000
11/1/2022,29.75,31,29.12000084,30.06999969,87994000
11/2/2022,28.80999947,30.15999985,28.62999916,29.56999969,37083500
11/3/2022,28.72999954,29.52000046,27.70999908,28.03000069,28033200
11/4/2022,28.38999939,29.72500038,28.04000092,29.44000053,22304200
11/7/2022,27.69000053,28.82500076,27.61499977,28.70499992,19204100
11/8/2022,27.44000053,28.32999992,26.81999969,27.56999969,27033900
11/9/2022,26.54999924,28.00499916,26.44000053,27.30999947,21186300
11/10/2022,28.85000038,29.31999969,28.10000038,28.37999916,35196900
11/11/2022,29.14999962,30.43499947,28.70000076,28.95000076,35861100
11/14/2022,29.06999969,29.70000076,28.79000092,28.85000038,24426200
11/15/2022,31.56999969,31.81500053,30,30.25,43066500
11/16/2022,30.04000092,31.15999985,29.82999992,30.95000076,26540200
11/17/2022,28.87999916,29.5,28.39999962,29.10000038,22684100
11/18/2022,28.95999908,29.40500069,28.70000076,29.20999908,15676300
11/21/2022,28.25,28.70999908,28.01000023,28.52000046,16159400
11/22/2022,28.07999992,28.32999992,27.31200027,28.27000046,20368600
11/23/2022,28.79000092,28.94000053,28.13999939,28.36000061,12964900
11/25/2022,28.5,28.87999916,28.23999977,28.70999908,5200400
11/28/2022,27.76000023,28.65500069,27.72999954,28.11000061,11120000
11/29/2022,27.76000023,28.22999954,27.57999992,28.04999924,15007800
11/30/2022,29.13999939,29.13999939,27.63999939,27.79999924,18177000
12/1/2022,28.34000015,29.60000038,28.29999924,29.21999931,18066600
12/2/2022,28.75,28.78000069,27.19000053,27.37999916,15980500
12/5/2022,27.70000076,28.86000061,27.64999962,28.40999985,17486300
12/6/2022,26.92000008,27.86000061,26.70000076,27.70000076,19772900
12/7/2022,26.39999962,26.87000084,26.02000046,26.61000061,21193900
12/8/2022,26.45000076,27.03000069,26.27599907,26.52000046,14909600
12/9/2022,26.54999924,26.95999908,26.23999977,26.39999962,14253500
12/12/2022,27.03000069,27.22999954,26.11000061,26.42000008,16483600
12/13/2022,26.97999954,28.45499992,26.90999985,28.03000069,27635400
12/14/2022,27.46999931,27.81999969,26.77000046,27.06999969,19427300
12/15/2022,26.23999977,27.11000061,25.87999916,26.97999954,19377800
12/16/2022,25.96999931,26.45000076,25.65999985,26.05999947,22684200
12/19/2022,24.95000076,26.02000046,24.69000053,26.02000046,35616100
12/20/2022,24.95999908,25.28000069,24.61000061,24.71999931,28536500
12/21/2022,25.36000061,25.67000008,24.87100029,25.14999962,20444500
12/22/2022,24.63999939,25.10000038,24.04199982,24.93000031,23752700
12/23/2022,24.63999939,24.72500038,24.16200066,24.45999908,11610000
12/27/2022,24.39999962,24.70000076,23.89999962,24.29000092,15258600
12/28/2022,24.59000015,24.71999931,24.02000046,24.20999908,15669200
12/29/2022,24.90999985,25.375,24.29000092,24.75,17828300
12/30/2022,24.72999954,24.85000038,24.23999977,24.42000008,20474100
1/3/2023,25.36000061,25.75,25.02000046,25.37000084,22155300
1/4/2023,25.90999985,25.96999931,25.31999969,25.72999954,14816000
1/5/2023,25.54999924,26.01000023,25.54999924,25.72999954,9942000
1/6/2023,26.39999962,26.54000092,25.39999962,25.86000061,19443800
1/9/2023,27.39999962,28.04999924,27.14999962,27.29999924,24962100
1/10/2023,28.04000092,28.25,27.14999962,27.39999962,15413700
1/11/2023,28.35000038,28.52000046,27.92000008,28.23999977,15421700
1/12/2023,29.03000069,29.18499947,28.20000076,28.85000038,17513400
1/13/2023,29.44000053,29.5,28.65999985,28.68000031,16940700
1/17/2023,29.20000076,29.78000069,28.95499992,29.44000053,20816500
1/18/2023,28.95999908,30.09000015,28.88500023,29.95000076,25257200
1/19/2023,29.03000069,29.28499985,28.34000015,28.46999931,15651500
1/20/2023,30.36000061,30.38999939,29.12000084,29.29999924,23008700
1/23/2023,30.53000069,31.11000061,30.26499939,30.62999916,22041100
1/24/2023,29.93000031,31.20000076,28.51000023,28.51000023,14464400
1/25/2023,30.29000092,30.39999962,28.79999924,29.21999931,14488100
1/26/2023,30.02000046,30.64699936,29.30999947,30.53000069,25383600
1/27/2023,30.36000061,30.59700012,29.5,29.70000076,18224000
1/30/2023,29.62999916,30.54000092,29.59000015,30.20000076,17969700
1/31/2023,30.93000031,30.95999908,29.73999977,29.75,15611500
2/1/2023,31.48999977,31.85000038,30.63999939,30.87999916,21206400
2/2/2023,33.04999924,33.47000122,32.41999817,32.41999817,32045500
2/3/2023,33.09000015,33.95000076,32.15000153,32.16999817,25804900
2/6/2023,33.90000153,34.20999908,32.90000153,33.52999878,33594900
2/7/2023,34.90000153,35.06000137,33.40999985,33.65999985,59374000
2/8/2023,36.83000183,37.58000183,34.5,37.43000031,109597800
2/9/2023,35.88999939,37.36000061,35.65000153,36.88999939,44068500
2/10/2023,34.29999924,35.39899826,34.04999924,34.40000153,41936400
2/13/2023,33.43999863,34.52000046,33.34999847,34.5,35043700
2/14/2023,35.22999954,35.36000061,32.72399902,33.11000061,38856500
2/15/2023,36.22999954,36.24000168,34.71500015,35.00999832,31443800
2/16/2023,36.22000122,36.72999954,35.45199966,35.59999847,28202700
2/17/2023,34.77000046,36.22999954,34.56999969,35.95999908,27946700
2/21/2023,34.20000076,34.38999939,33.49000168,33.77999878,24696800
2/22/2023,34.54000092,35.16999817,34.22000122,34.34999847,23294000
2/23/2023,34.47000122,34.79999924,33.70000076,34.79000092,23661700
2/24/2023,33.40000153,33.91999817,33.02000046,33.70000076,19101000
2/27/2023,33.54999924,33.84999847,33.06000137,33.67499924,19079100
2/28/2023,33.25999832,34,33.16500092,33.75,17144000
3/1/2023,32.99000168,33.58000183,32.88999939,33.43000031,14404700
3/2/2023,33.68999863,33.79999924,32.22999954,32.54000092,17967400
3/3/2023,34.56999969,34.59000015,33.79999924,34,14990400
3/6/2023,33.88000107,35.11000061,33.84999847,34.58499908,18903000
3/7/2023,34.13999939,35,33.59999847,33.84999847,25538400
3/8/2023,34.00999832,34.63000107,33.52000046,34.00999832,16174300
3/9/2023,32.31999969,34.52000046,32.27999878,34.40999985,27629700
3/10/2023,31.11000061,32.03499985,30.77000046,32,32553600
3/13/2023,30.81999969,31.08499908,29.96999931,30.58499908,24302600
3/14/2023,32.36000061,33.41999817,32.15999985,32.93999863,34241800
3/15/2023,31.96999931,32.23500061,31.38500023,31.82999992,28434900
3/16/2023,32.72999954,32.90000153,31.54999924,31.59000015,20044700
3/17/2023,31.78000069,32.47000122,31.51000023,32.38000107,27102500
3/20/2023,31.93000031,32.36000061,31.45999908,31.60000038,14157800
3/21/2023,32.86000061,33.13999939,32.22999954,32.33000183,19780200
3/22/2023,31.52000046,32.72000122,31.5,32.58000183,24636400
3/23/2023,31.18000031,32.20000076,30.75,31.87999916,16806900
3/24/2023,30.75,31.14999962,30.29000092,30.94000053,14775300
3/27/2023,30.62000084,31.04000092,30.13999939,31.03000069,17918000
3/28/2023,30.06999969,30.86000061,29.97999954,30.53000069,23087300
3/29/2023,30.87000084,30.89999962,30.20000076,30.62000084,18917500
3/30/2023,31.19000053,31.85000038,30.87999916,31.5,16261300
3/31/2023,31.70000076,31.84499931,31.20999908,31.42000008,14824600
4/3/2023,31.45999908,31.75499916,31.16699982,31.5,23529100
4/4/2023,31.38999939,32.13000107,31.28499985,31.94000053,15146900
4/5/2023,31.12000084,31.23500061,30.46999931,30.95000076,17243300
4/6/2023,31.18000031,31.48999977,30.5,30.93000031,14486900
4/10/2023,31.73999977,31.78499985,30.61000061,30.95999908,16463100
4/11/2023,31.12000084,31.79999924,30.87999916,31.75,16906500
4/12/2023,30.59000015,31.45000076,30.39999962,31.19000053,15964900
4/13/2023,31.44000053,31.59000015,30.69000053,30.83499908,15079600
4/14/2023,31.47999954,31.62000084,30.93000031,31.30999947,11851900
4/17/2023,32.08000183,32.18999863,31.62999916,32.18999863,25206200
4/18/2023,31.72999954,32.93000031,31.61000061,32.36999893,18698600
4/19/2023,32.04000092,32.36999893,31.15999985,31.35000038,13822000
4/20/2023,31.5,32.04000092,31.39999962,31.52000046,12747100
4/21/2023,30.82999992,31.45999908,29.70999908,31.36000061,40543100
4/24/2023,30.68000031,31.05999947,30.22999954,30.68000031,14596200
4/25/2023,29.59000015,30.46999931,29.55400085,30.34000015,20399200
4/26/2023,29.68000031,30.12000084,29.46500015,29.70000076,14277100
4/27/2023,29.70000076,30.17000008,29.21999931,30.06999969,27293700
4/28/2023,31.04999924,31.27000046,29.41500092,29.62000084,28516100
5/1/2023,32.74000168,33,31.76000023,32,49867100
5/2/2023,36.52000046,36.625,34.22999954,35.02000046,102993500
5/3/2023,37.84000015,38.34999847,36.34999847,36.75,68580800
5/4/2023,37.49000168,37.79999924,36.68500137,37.47999954,44819400
5/5/2023,37.75,37.95000076,36.86999893,37.47999954,24682900
5/8/2023,38.83000183,38.93000031,37.47999954,37.81999969,30992100
5/9/2023,38.18999863,38.58000183,37.90499878,38.49000168,19387000
5/10/2023,38.79000092,38.95000076,38.16999817,38.59999847,19531500
5/11/2023,38.41999817,39.18000031,38.34000015,38.63999939,16515600
5/12/2023,38.45000076,39.22999954,38.20000076,38.63999939,21626000
5/15/2023,38.13999939,38.47999954,37.99000168,38.34000015,17826600
5/16/2023,37.43999863,38.15000153,37.43999863,37.93000031,21829100
5/17/2023,37.84000015,37.95500183,37.36000061,37.72999954,19534400
5/18/2023,39.25,39.49000168,37.75999832,37.97999954,27828100
5/19/2023,39.18000031,39.49000168,38.91500092,39.25,19785500
5/22/2023,39.16999817,40.5,39.07600021,39.13000107,27581600
5/23/2023,38.65999985,39.65000153,38.50999832,38.99000168,18679400
5/24/2023,37.95999908,38.65999985,37.77000046,38.04999924,22074700
5/25/2023,37.95000076,38.58499908,37.52500153,38.47999954,18634200
5/26/2023,38.45000076,38.75999832,38.22000122,38.24000168,14427900
5/30/2023,37.56000137,39.06000137,37.56000137,38.72999954,18143200
5/31/2023,37.93000031,38.04999924,37.06999969,37.25,34506300
6/1/2023,38.47999954,38.5,37.26499939,37.5,17115300
6/2/2023,39.72999954,39.88999939,39,39,21219000
6/5/2023,40.41999817,40.79000092,39.5,39.5,24218600
6/6/2023,40.25,40.72999954,39.93000031,40.24900055,14570100
6/7/2023,38.99000168,40.25,38.61000061,40.24000168,23653900
6/8/2023,40.25999832,40.63000107,39.04000092,39.18000031,20301800
6/9/2023,40.99000168,41,40.02000046,40.04999924,21980700
6/12/2023,41.74000168,41.74499893,41.06000137,41.25999832,15987700
6/13/2023,41.40999985,41.83000183,40.88999939,41.75,16659600
6/14/2023,41.27000046,41.59000015,40.56999969,41.29999924,15077600
6/15/2023,43.36000061,43.75,40.93999863,41.02000046,41477800
6/16/2023,43.52000046,43.66500092,42.52999878,43.06999969,27986400
6/20/2023,42.16999817,43.47000122,42.02000046,42.77000046,19931300
6/21/2023,42.65999985,43.2179985,41.77000046,42.5,21916500
6/22/2023,42.81000137,43.86999893,42.20999908,42.29999924,19542100
6/23/2023,43.34000015,43.75500107,42.33000183,42.59000015,23186600
6/26/2023,44.41999817,45.04000092,43.68000031,43.75,33693000
6/27/2023,43.83000183,44.83000183,43.75,44.68999863,29652100
6/28/2023,44.24000168,45.24000168,43.31999969,43.5,28187400
6/29/2023,42.58000183,44.27999878,42.11000061,44.09000015,28595300
6/30/2023,43.16999817,43.43000031,42.91999817,43.11000061,17589200
7/3/2023,43.09000015,43.40000153,42.58000183,43.16999817,7578100
7/5/2023,43.65999985,43.88000107,42.88999939,42.88999939,15730400
7/6/2023,42.11000061,43,41.86999893,42.99000168,17983600
7/7/2023,42.90999985,43.11999893,41.94100189,42.06999969,14937600
7/10/2023,42.77999878,43.20000076,42.43999863,42.58000183,15821800
7/11/2023,44.36000061,44.66999817,41.74599838,42.09999847,32165000
7/12/2023,44.52000046,45.22000122,43.97000122,45,21830100
7/13/2023,45.63999939,45.93500137,44.62200165,45.20999908,21193200
7/14/2023,44.75,46.40000153,44.56000137,45.90499878,22054800
7/17/2023,45.50999832,45.65000153,44.5,44.68000031,21937900
7/18/2023,47.40999985,47.75,45.34000015,45.34000015,42599100
7/19/2023,47.11999893,47.90000153,46.54999924,47.09999847,21990900
7/20/2023,46.56999969,47.5,45.86000061,46.06999969,23085300
7/21/2023,47.22999954,47.34000015,46.27999878,46.54999924,20181200
7/24/2023,47.31999969,47.54999924,46.84000015,47.06000137,16669800
7/25/2023,47.16999817,47.72999954,46.93000031,47.20000076,14188200
7/26/2023,47.31000137,47.55500031,46.61999893,47.04999924,16666200
7/27/2023,46.61000061,48.09000015,46.35499954,48,17992000
7/28/2023,48.13999939,48.43000031,46.70999908,47.13999939,17154600
7/31/2023,49.45999908,49.49000168,48.15000153,48.84999847,38736800
8/1/2023,46.65000153,49.02999878,46.00999832,48.66999817,82097500
8/2/2023,46.95999908,47.70500183,45.66999817,46.05500031,36303800
8/3/2023,45.90999985,47.84999847,45.79000092,46.22000122,25248800
8/4/2023,45.20000076,46.38000107,45.02000046,46,25657600
8/7/2023,44.95000076,45.52999878,44.38000107,45.00999832,22122500
8/8/2023,45.15999985,45.24000168,44.08499908,44.5,14742200
8/9/2023,44.11000061,45.45999908,43.84000015,45.25,20113000
8/10/2023,44.59999847,45.18000031,44.09000015,44.13000107,16908200
8/11/2023,43.70999908,44.29999924,43.31000137,44,16181100
8/14/2023,44.84999847,44.88499832,42.95000076,43.5,15828800
8/15/2023,44.08000183,44.88000107,44.00999832,44.70000076,13404700
8/16/2023,43.65000153,44.33000183,43.40000153,43.97999954,14980800
8/17/2023,43.97000122,44.86000061,43.90999985,44.18000031,21326600
8/18/2023,44.68999863,44.84000015,43.18999863,43.27000046,17138000
8/21/2023,44.63000107,45.29999924,44.00999832,44.97999954,15362100
8/22/2023,44.34999847,45.18000031,44.02000046,44.93999863,13593100
8/23/2023,45.13999939,45.61500168,44,44,14625800
8/24/2023,44.68000031,45.72000122,44.63999939,45.24000168,18129600
8/25/2023,43.95999908,44.84000015,43.08000183,44.70999908,19132500
8/28/2023,44.15000153,44.52000046,43.70999908,44.11000061,10424100
8/29/2023,45.34999847,45.58499908,44.11999893,44.20999908,11335400
8/30/2023,46.50999832,46.75,45.29999924,45.34999847,19869400
8/31/2023,47.22999954,47.56999969,46.52000046,46.68999863,19263800
9/1/2023,47.04000092,47.70000076,46.83000183,47.50999832,14614500
9/5/2023,46.54999924,47.13999939,46.29999924,46.86999893,16461700
9/6/2023,45.90000153,46.84999847,45.61000061,46.34000015,14262700
9/7/2023,46.27000046,46.68000031,45.25,45.5,14972200
9/8/2023,47.24000168,47.25,46.27000046,46.34000015,15956900
9/11/2023,48.93999863,48.97000122,47.65000153,47.74000168,19007300
9/12/2023,47.91999817,49.18799973,47.90000153,48.34000015,18809000
9/13/2023,48.15999985,48.36000061,47.27999878,47.50999832,12691800
9/14/2023,48.31999969,48.69499969,47.80500031,48.63000107,13068200
9/15/2023,47.52000046,48.49000168,47.27000046,48.18999863,16130100
9/18/2023,46.50999832,47.34799957,46.47999954,47.29999924,15025500
9/19/2023,47.59000015,47.75500107,46.20999908,46.40000153,19180200
9/20/2023,46.54999924,47.54000092,46.40000153,46.86500168,22582000
9/21/2023,44.59999847,45.79000092,43.93000031,45.79000092,27865700
9/22/2023,44.40999985,45.34500122,44.02999878,45.15999985,16158700
9/25/2023,44.90999985,45.11000061,44.11000061,44.13999939,9175400
9/26/2023,44.27000046,45.38899994,44.04499817,44.5,11283600
9/27/2023,45.13999939,45.47299957,44.43999863,44.50999832,16835100
9/28/2023,46.13999939,46.58000183,44.91999817,44.91999817,22199200
9/29/2023,45.99000168,46.91999817,45.84999847,46.75,14247000
10/2/2023,45.68000031,46.29000092,45.10200119,45.56999969,14976700
10/3/2023,44.50999832,45.60499954,44.32500076,45.36000061,11033400
10/4/2023,44.93999863,45.48500061,44.18000031,44.79000092,12476100
10/5/2023,44.61000061,44.93000031,43.65000153,44.84000015,14518800
10/6/2023,45.77999878,45.94499969,44.06000137,44.06000137,14754800
10/9/2023,45.45000076,45.59999847,44.58000183,45.15000153,11422300
10/10/2023,46.63000107,47.27500153,45.54999924,45.75,14538600
10/11/2023,46.63999939,47.20999908,46.26499939,46.90000153,12985500
10/12/2023,45.95000076,47.04000092,45.59999847,46.54000092,15983600
10/13/2023,43.47999954,46.29000092,42.70000076,45.81999969,28195100
10/16/2023,44.70999908,45,43.46500015,43.76499939,20447100
10/17/2023,44.38000107,45.25999832,44.04999924,44.40999985,17337800
10/18/2023,43,44.20000076,42.90999985,43.90000153,15388000
10/19/2023,42.72000122,43.27000046,42.18500137,43.02000046,16090000
10/20/2023,42.95999908,43.34999847,42.25999832,42.72000122,13966100
10/23/2023,43.04000092,43.97000122,42.25,42.52999878,11277100
10/24/2023,44.18999863,44.32500076,43.38499832,43.5,17566500
10/25/2023,42.34999847,43.49000168,42.06499863,43.29999924,16495900
10/26/2023,40.61999893,42.29999924,40.09000015,42.13999939,23465500
10/27/2023,41.22999954,42.14500046,40.79999924,41.20999908,17098600
10/30/2023,42.72999954,43,42.00999832,42.00999832,21292700
10/31/2023,43.27999878,43.52999878,42.20000076,42.81999969,18414000
11/1/2023,43.83000183,44,42.90999985,43.25,18989300
11/2/2023,46.47999954,46.86000061,45.25,45.34999847,25816900
11/3/2023,47.75,48.15000153,46.63000107,46.91999817,21960700
11/6/2023,48.13999939,48.29999924,47.43000031,47.93999863,27843100
11/7/2023,49.91999817,50.04000092,46.68000031,47,81365400
11/8/2023,49.5,50.29999924,48.90000153,50.04000092,37726700
11/9/2023,50.04999924,50.68000031,49.02000046,49.29999924,29962300
11/10/2023,51.58000183,52.09999847,49.90000153,50.00999832,27228600
11/13/2023,52.24000168,52.41999817,50.72000122,51.16999817,21026900
11/14/2023,53.88000107,54.31000137,52.38999939,52.90000153,30621900
11/15/2023,53.75999832,54.25999832,53.15999985,53.91999817,22419700
11/16/2023,54.41999817,54.50999832,53.15000153,53.5,20810800
11/17/2023,54.43999863,54.50999832,54.00999832,54.13000107,16119500
11/20/2023,54.75,55.35499954,53.75999832,53.83000183,28511600
11/21/2023,54.84999847,55.08000183,53.88999939,54.22999954,34115500
11/22/2023,55.36999893,55.81999969,54.95999908,55.09999847,18459700
11/24/2023,55.31999969,55.93600082,55.06999969,55.15000153,10696800
11/27/2023,56.06000137,56.45500183,55.29000092,55.47000122,19101900
11/28/2023,56.20999908,56.45000076,55.68999863,55.97999954,20457500
11/29/2023,56.40000153,57.13000107,56.14500046,56.49000168,23496200
11/30/2023,56.38000107,56.77000046,55.52999878,56.61000061,32769800
12/1/2023,57.34999847,57.86500168,56.25,56.66999817,28539900
12/4/2023,58.63000107,60.91999817,58.56999969,60.00999832,85417300
12/5/2023,57.97000122,58.65999985,57.70100021,58.00999832,39170600
12/6/2023,59.75,59.97999954,58.36000061,58.36999893,33835000
12/7/2023,60.97999954,60.99499893,59.52500153,59.66999817,34410200
12/8/2023,61.70000076,62.25,60.50999832,60.50999832,28852100
12/11/2023,62.45999908,62.99000168,60.93999863,61.52999878,30389700
12/12/2023,62.72000122,63.02500153,61.83000183,62.06499863,27144300
12/13/2023,61.97000122,62.88000107,61.45000076,62.70999908,41661700
12/14/2023,62.5,62.81000137,60.61000061,62.00999832,44818100
12/15/2023,61.86000061,63.52999878,61.40999985,62.15999985,364261200
12/18/2023,61.72999954,62.49000168,61.33000183,62.00999832,28614000
12/19/2023,62.11999893,62.70000076,61.68999863,61.88000107,26813800
12/20/2023,60.68000031,62.27999878,60.61999893,61.49000168,28286100
12/21/2023,61.45999908,61.75999832,60.82500076,61.24000168,19999600
12/22/2023,61.70999908,62.23500061,61.27999878,61.70000076,14715600
12/26/2023,61.97999954,62.20000076,61.31399918,61.70999908,16077200
12/27/2023,63.27999878,63.43000031,62,62,20806000
12/28/2023,63.13999939,63.52999878,62.83499908,63.45000076,13795600
12/29/2023,61.56999969,63.13999939,61.29999924,62.36000061,21615400
1/2/2024,58.38000107,60.90999985,57.93000031,60.72999954,41978600
1/3/2024,58.25,58.89500046,57.33000183,57.47999954,31800600
1/4/2024,57.79999924,58.98500061,57.72999954,58.25,20370700
1/5/2024,57.58000183,58.50999832,57.22000122,58.11000061,17886300
1/8/2024,59.00999832,59.15999985,57.84999847,58.09000015,21213000
1/9/2024,60.29999924,60.54000092,58.45000076,58.5,22319900
1/10/2024,62.40999985,62.61000061,60.27999878,60.27999878,30788900
1/11/2024,63.47000122,63.61000061,61.86000061,62.99000168,28888900
1/12/2024,63.20000076,64.91999817,63,63.20000076,26374700
1/16/2024,63.65000153,64,62.91999817,63,19511800
1/17/2024,63.11999893,63.41999817,61.68000031,62.95000076,19971600
1/18/2024,64.87999725,65,63.38499832,64,24149900
1/19/2024,65.11000061,65.38500214,64.41000366,64.90000153,20339400
1/22/2024,64.55000305,65.61000061,64.15000153,65.44000244,17851700
1/23/2024,64.31999969,64.80999756,63.68999863,64.5,13619600
1/24/2024,63.75999832,64.39700317,63.22000122,64,17238100
1/25/2024,66,66.02999878,63.70999908,64.27999878,21963000
1/26/2024,65.51999664,66.04499817,65.29000092,65.65000153,13099600
1/29/2024,66.98000336,67.09999847,65.55999756,65.59999847,15902000
1/30/2024,66.83999634,67.69000244,66.22000122,66.90000153,17562100
1/31/2024,65.26999664,66.25,64.84500122,65.69999695,17026400
2/1/2024,66.73000336,66.84999847,65.58999634,66.12000275,12504200
2/2/2024,68.06999969,68.25,66.51000214,66.98000336,18671800
2/5/2024,68.98999786,69.98999786,67.85500336,68.23999786,26079500
2/6/2024,70.47000122,70.68000031,68.44000244,69.05999756,34464000
2/7/2024,70.65000153,71.90000153,67.23999786,67.59500122,43367000
2/8/2024,71.61000061,73.05000305,71.19499969,71.93000031,21618200
2/9/2024,70.91000366,72.04000092,69.69000244,71.43000031,20858700
2/12/2024,69.12000275,71.37999725,68.73500061,71,19554900
2/13/2024,68.98999786,69.55000305,66.70999908,67.89499664,22857100
2/14/2024,79.15000153,79.19999695,74.30999756,74.59999847,69846700
2/15/2024,81.38999939,81.86499786,78.27999878,79,40330200
2/16/2024,78.41000366,80.87999725,78.11000061,80.55000305,24457500
2/20/2024,76.59999847,78.41999817,75.81999969,78.23000336,24203100
2/21/2024,76.44000244,77.48999786,75.875,76.31999969,15073500
2/22/2024,78.02999878,79.72000122,77.51000214,79.58999634,16766400
2/23/2024,78.19999695,78.97000122,77.72000122,78.5,15648800
2/26/2024,78.36000061,78.5,77.30000305,78.27999878,16617300
2/27/2024,78.75,79.75,77.81300354,78.63999939,13707300
2/28/2024,77.73000336,78.66000366,77.41999817,78.59999847,11853100
2/29/2024,79.5,79.68000031,77.93000031,78.34999847,19405500
3/1/2024,81.02999878,81.47000122,79.31999969,79.5,18528700
3/4/2024,81.30000305,82.13999939,80.79000092,81.94000244,15989200
3/5/2024,79.08999634,80.84999847,77.43000031,80.83000183,19761600
3/6/2024,78.63999939,80.98999786,78.52999878,80.16999817,13734700
3/7/2024,79.41000366,80.07499695,78.26000214,79.40000153,13873300
3/8/2024,78.69999695,81.98000336,78.20999908,79.94000244,16414900
3/11/2024,77.47000122,78.88999939,76.52999878,78.69999695,13781400
3/12/2024,78.31999969,78.48000336,77.48000336,78.01000214,11303800
3/13/2024,78.25,79.69100189,77.93000031,78,12065100
3/14/2024,77.65000153,78.48000336,76.90000153,78.33999634,12737200
3/15/2024,76.06999969,77.83999634,75.76999664,77,24554900
3/18/2024,75.69999695,77,73.66000366,77,18936700
3/19/2024,77.08000183,77.18000031,74.19000244,75.37999725,13035200
3/20/2024,78.63999939,78.94999695,76.75,77.08999634,11490400
3/21/2024,80.25,81.23000336,79.08999634,79.59999847,16191100
3/22/2024,80.23000336,80.44999695,79.19999695,79.80000305,8872400
3/25/2024,79.41000366,81.04000092,79.38999939,79.98999786,10254300
3/26/2024,77.91000366,80.18000031,77.77999878,79.80000305,12438300
3/27/2024,78.11000061,79,76.84999847,78.95999908,13157000
3/28/2024,76.98999786,78.05000305,76.89499664,77.90000153,13421900
4/1/2024,76.40000153,77.77999878,76,77,12201800
4/2/2024,76.98000336,77.33000183,74.97000122,75.66000366,15838800
4/3/2024,76.80999756,78.84999847,76.54000092,76.83999634,19883100
4/4/2024,74.91999817,77.66999817,74.48000336,77.23999786,17191300
4/5/2024,77.16000366,78.39499664,74.91999817,75.33999634,21572000
4/8/2024,75.02999878,76.86000061,73.94999695,76.69999695,22867600
4/9/2024,75.13999939,75.5,73.33000183,74.76999664,13756300
4/10/2024,74.34999847,75.30500031,73.53500366,74.40000153,12533900
4/11/2024,76.18000031,76.55999756,74.70500183,74.80000305,13653600
4/12/2024,75.27999878,75.81999969,74.48999786,75.05000305,11590800
4/15/2024,73.40000153,76.68000031,72.87999725,76.37999725,16093400
4/16/2024,74.12999725,74.69999695,72.69999695,73.38999939,14513100
4/17/2024,71.94000244,75.61499786,71.04000092,75,15363100
4/18/2024,71.30000305,72.85500336,70.63999939,72.26000214,20426000
4/19/2024,69.19999695,71.15000153,68.37999725,71.15000153,23186000
4/22/2024,68.98000336,70.88999939,68.48000336,70.48000336,26804900
4/23/2024,70.80000305,71.13999939,69.62000275,70.01999664,16814200
4/24/2024,69.36000061,70.22000122,67.36499786,70.15000153,27515600
4/25/2024,69.30999756,70.29000092,67.37999725,67.86000061,20545200
4/26/2024,69.05000305,70.15000153,68.69999695,69.97499847,16187600
4/29/2024,67.40000153,68.66000366,67.19999695,68.5,20102600
4/30/2024,66.26999664,68.59899902,66.06999969,67.22499847,22707300
5/1/2024,67.79000092,69.41000366,65.86000061,66.04000092,21266700
5/2/2024,68.56999969,69.03600311,67.625,68.40000153,18229300
5/3/2024,69.23000336,70.33899689,69.02999878,69.84500122,15557700
5/6/2024,71.51000214,73.81999969,70.83200073,71,25001900
5/7/2024,70.43000031,72.63999939,69.80000305,72.63999939,24427300
5/8/2024,66.40000153,67.19999695,63.83499908,64.5,84220000
5/9/2024,67.93000031,68.56999969,66.75,66.80999756,27965500
5/10/2024,66.98999786,67.90000153,66.40000153,67.81999969,18924400
5/13/2024,66.01999664,67.06400299,64.72000122,67,18983100
5/14/2024,65.31999969,66.09999847,64.75,65.84999847,19462300
5/15/2024,66.62000275,66.66000366,65.22000122,66,16308700
5/16/2024,66.05000305,67.33000183,66,66.97000122,19923500
5/17/2024,65.66999817,66.63999939,65.51999664,66.5,15703300
5/20/2024,64.65000153,65.87000275,64.30500031,65.63999939,15864400
5/21/2024,63.97000122,64.65000153,63.81000137,64.12999725,16592500
5/22/2024,65.48000336,66.08999634,64.51999664,64.81999969,22562100
5/23/2024,63.59999847,65.80000305,63.25,65.55999756,20115000
5/24/2024,64.26000214,64.76000214,63.61999893,63.77999878,10385900
5/28/2024,63.52000046,64.61000061,63.09999847,64.61000061,14213300
5/29/2024,64.93000031,65.36499786,62.90999985,63.00999832,16987900
5/30/2024,64.12000275,65.41000366,63.72000122,64.79000092,12689100
5/31/2024,64.55999756,64.62999725,63.13999939,64.19999695,17322400
6/3/2024,63.79000092,64.95999908,62.93500137,64.77999878,14922200
6/4/2024,64.55000305,65.19000244,63.70000076,64.05999756,12689200
6/5/2024,65.81999969,66.27999878,64.20999908,64.94000244,19513500
6/6/2024,68.90000153,69.69000244,67.33000183,67.44999695,25871500
6/7/2024,69.30999756,69.70999908,68.11000061,68.90000153,13932600
6/10/2024,68.59999847,69.69100189,66.55999756,69.27999878,19152300
6/11/2024,69.58999634,69.59999847,67.76000214,68.59999847,12741200
6/12/2024,73.15000153,73.59999847,71,71.30999756,24435500
6/13/2024,70.86000061,73.16000366,70.23999786,73.16000366,17109400
6/14/2024,70.05999756,71,69.31999969,70.91000366,11601100
6/17/2024,70.48999786,70.83000183,69.83000183,69.91000366,14760500
6/18/2024,70.33000183,71.20999908,69.88999939,70.59999847,9511600
6/20/2024,70.30000305,71.12000275,69.73000336,70.51000214,10662400
6/21/2024,70.20999908,70.25,69.23000336,70.04000092,20757700
6/24/2024,70.54000092,71.23000336,69.75,69.83000183,12479300
6/25/2024,71.37999725,72.94000244,70.22000122,71.86000061,18888700
6/26/2024,70.84999847,71.59999847,70.55000305,70.94000244,10232600
6/27/2024,70.33999634,71.31999969,70.06999969,70.98000336,9650500
6/28/2024,72.68000031,73.26000214,70.76999664,70.80999756,21375900
7/1/2024,71.09999847,72.58000183,69.40000153,72.19999695,13438700
7/2/2024,70.66999817,71.26000214,68.87999725,71.25,14319000
7/3/2024,71.30000305,72.13999939,70.5,70.66000366,7869800
7/5/2024,71.05999756,71.41799927,70.38500214,70.98999786,6599200
7/8/2024,71.25,71.77999878,70.75,71.30999756,7231100
7/9/2024,71.31999969,72.27999878,71.12999725,71.40000153,8757900
7/10/2024,69.26999664,71.5,68.37999725,71.5,14638800
7/11/2024,73.52999878,73.64499664,68.84999847,69.51000214,26702500
7/12/2024,72.43000031,73.80000305,72.11000061,72.11000061,14683700
7/15/2024,72.29000092,73.25,70.76100159,73.05999756,13472600
7/16/2024,74.30000305,75.40000153,73.11000061,73.11000061,17529000
7/17/2024,68.62000275,73.41000366,68.55500031,73.37999725,27884400
7/18/2024,66.26000214,69.34100342,65.80999756,69,21988900
7/19/2024,67.30999756,67.44000244,66.09999847,66.77999878,12809600
7/22/2024,67.73000336,68.77999878,67.08499908,67.52999878,13408000
7/23/2024,67.51999664,69.09999847,67.27999878,68.05000305,9539800
7/24/2024,66.13999939,67.79000092,65.77999878,67.26999664,15187100
7/25/2024,65.73999786,69.37000275,64.40000153,66,22596900
7/26/2024,64.40000153,66.26000214,64.18000031,66.09999847,17379400
7/29/2024,63.75999832,65.25499725,63.72000122,64.83499908,16907000
7/30/2024,63.09000015,64.76999664,62.61000061,64.15000153,16506200
7/31/2024,64.47000122,65.18199921,63.65999985,63.88000107,18209700
8/1/2024,61.02000046,65,60.75999832,64.86000061,18967900
8/2/2024,58.99000168,59.58000183,56.86000061,59.38000107,27654600
8/5/2024,58.47999954,58.65000153,54.84000015,55.52999878,32063700
8/6/2024,64.87000275,65.81999969,60.5,62.54999924,53336900
8/7/2024,65.54000092,68.40000153,65.48999786,65.55999756,31493600
8/8/2024,69.01000214,69.16500092,65.94999695,66.52500153,21779100
8/9/2024,68.54000092,69.37999725,67.75,69.13999939,12770300
8/12/2024,69.26000214,69.30999756,68.01999664,68.61000061,10826100
8/13/2024,71.05999756,71.19000244,69.37999725,69.76999664,15472500
8/14/2024,71.93000031,72,70.61000061,71.59999847,12337000
8/15/2024,72.73000336,73.41999817,72.29000092,72.51000214,13711300
8/16/2024,72.04000092,73.34999847,71.75499725,72.5,11548300
8/19/2024,74.18000031,74.22000122,71.79499817,72,13821300
8/20/2024,73.30999756,74.48000336,73.27999878,74.26999664,10246500
8/21/2024,73.48000336,74.29000092,73.05999756,73.72000122,9290200
8/22/2024,73.30999756,74.12000275,72.66999817,73.55000305,9571900
8/23/2024,74.30000305,74.45500183,72.34999847,72.84999847,13065600
8/26/2024,72.61000061,74.30000305,72.11000061,74.30000305,10999900
8/27/2024,72.55999756,73.08999634,71.80000305,72.48999786,7294100
8/28/2024,71.84999847,72.55000305,71.01999664,72.5,9529400
8/29/2024,72.23999786,73.27999878,72.12999725,72.5,9300800
8/30/2024,73.12999725,73.41899872,72.05999756,72.88999939,12676900
9/3/2024,71.88999939,73.61000061,71.20999908,72.56999969,13053300
9/4/2024,71.55999756,72.69000244,71.30000305,71.51999664,7995800
9/5/2024,71.25,72.62000275,70.91999817,71.08000183,8890900
9/6/2024,69.58000183,72.01999664,68.72899628,71.12999725,11449800
9/9/2024,69.80000305,71.19000244,69.63300323,70.94999695,8804600
9/10/2024,68.98999786,70.45999908,67.63999939,70,20227200
9/11/2024,70.11000061,70.22000122,67.12000275,68.83000183,14671900
9/12/2024,68.08999634,70.48999786,67.84999847,70.05999756,16357900
9/13/2024,72.48000336,72.75499725,70.94000244,72.40000153,30376500
9/16/2024,71.51999664,72.5,71.04000092,72.36000061,12016700
9/17/2024,72.77999878,73.73000336,71.30999756,71.97000122,14639800
9/18/2024,73.5,74.73999786,72.19200134,72.76999664,11720900
9/19/2024,75.27999878,76.45999908,74.55999756,74.98000336,17698400
9/20/2024,73.94000244,75.05000305,73.4509964,74.81999969,17472700
9/23/2024,74.70999908,75.26999664,73.77999878,75.11000061,8285300
9/24/2024,77.44000244,77.51000214,75.97000122,76,16099200
9/25/2024,77.13999939,78.27999878,77.08000183,77.51000214,12552600
9/26/2024,76.69000244,78.44999695,75.12999725,78.36000061,14788600
9/27/2024,75.75,77.08000183,75.69999695,77.02999878,7580100
9/30/2024,75.16000366,75.72000122,74.25499725,75.31999969,12991100
10/1/2024,74.23999786,75.76999664,73.83999634,75.76999664,8980500
10/2/2024,72.87000275,74.30999756,72.79000092,74.08999634,11323400
10/3/2024,72.94000244,73.20999908,71.90000153,72.55999756,11096300
10/4/2024,74.27999878,74.31999969,73.22000122,74.11000061,10750300
10/7/2024,74.58999634,75.73999786,73.73000336,74.25499725,15328800
10/8/2024,76.16999817,77.01999664,75.05999756,75.25,17800300
10/9/2024,77.87000275,77.95999908,75.95500183,76,17251100
10/10/2024,77.91999817,78.23999786,76.90000153,77.65000153,15033600
10/11/2024,86.33999634,87,81.86000061,82,57290500
10/14/2024,84.94000244,86.18000031,84.18000031,85.63999939,14752400
10/15/2024,83.19999695,84.76999664,82.65000153,84.76999664,14858500
10/16/2024,81.90000153,83.48000336,81.62000275,82.93000031,12398500
10/17/2024,79.90000153,80.87999725,79.41000366,79.91999817,27373200
10/18/2024,79.16000366,80.55000305,78.80000305,80.52999878,14186700
10/21/2024,80.45999908,80.56999969,79.55000305,79.94000244,11238700
10/22/2024,80.41000366,81.25,79.98000336,80.47000122,10754000
10/23/2024,79.83000183,80.31999969,79.36000061,80.05500031,8689900
10/24/2024,78.37999725,78.59999847,77.13999939,78.00499725,15220900
10/25/2024,77.62000275,78.83999634,76.95999908,78.26000214,11727400
10/28/2024,77.69000244,78.37999725,77.47000122,78.19999695,9311900
10/29/2024,79.20999908,79.98999786,77.76999664,77.84999847,14469600
10/30/2024,79.43000031,80.07499695,78.81999969,79.23000336,14997700
10/31/2024,72.05000305,74.98999786,69.87000275,74.5,64047100
11/1/2024,73.25,74.15000153,72.25,73.94000244,33542200
11/4/2024,73.25,74.22000122,72.66000366,72.75,14949100
11/5/2024,74.15000153,74.33999634,73.23999786,73.55000305,12274600
11/6/2024,74.36000061,74.62000275,70.74099731,73.45500183,26410700
11/7/2024,73.12999725,76.40000153,72.73999786,76.09999847,24305900
11/8/2024,72.04000092,73.55999756,71.55500031,73.44000244,20152600
11/11/2024,71.65000153,73,71.33999634,72.65000153,22682200
11/12/2024,71.37000275,72.68000031,71.19999695,71.97000122,19439700
11/13/2024,71.16000366,72.08000183,70.55000305,71.52999878,15006000
11/14/2024,71.44000244,72.75,70.76000214,71.16000366,17372200
11/15/2024,73.25,73.62999725,71.76000214,72.09999847,23980900
11/18/2024,69.33000183,72.04000092,67.80000305,72.04000092,45212500
11/19/2024,69.12999725,69.59999847,68.19999695,68.51000214,22289100
11/20/2024,69.59999847,70.33000183,68.94999695,69.29000092,16656600
11/21/2024,69.63999939,70.87000275,68.80000305,70.25,25657700
11/22/2024,71.51000214,71.54000092,69.34999847,70,14874100
11/25/2024,73.41999817,73.55000305,71.83000183,72.59999847,17446600
11/26/2024,71.55999756,73.5,71.33999634,73.48999786,13704900
11/27/2024,71.62000275,72.69999695,71.01000214,72.05999756,12967800
11/29/2024,71.95999908,72.44000244,71.51999664,71.69999695,7348700
12/2/2024,73.06999969,73.44000244,71.47000122,71.93000031,11574600
12/3/2024,71.26999664,73.25,71.25,73.05999756,12760500
12/4/2024,72.16000366,72.40000153,70.65000153,71.40000153,17263100
12/5/2024,65.23000336,72.02999878,64.27999878,71.93000031,77320400
12/6/2024,66.08999634,67.09999847,65.19999695,66.44999695,36413200
12/9/2024,65.73999786,66.16999817,65.05999756,65.5,27602900
12/10/2024,64.95999908,65.76000214,64.63999939,65.66999817,23672900
12/11/2024,61.18000031,64.69499969,60.22999954,64.5,71089500
12/12/2024,61.40999985,63.54000092,61.25,63.16500092,45673200
12/13/2024,59.93000031,62.25999832,59.74000168,61.86000061,47325300
12/16/2024,60.25,61.29999924,60.11999893,60.31000137,38612400
12/17/2024,61.02999878,61.04000092,59.33000183,59.41999817,35025500
12/18/2024,61.22999954,63.93999863,60.84999847,61.38999939,46736700
12/19/2024,60.20999908,62.31000137,59.97999954,61.84999847,27811400
12/20/2024,60.72999954,61.38999939,59.75,60.08499908,26377700
12/23/2024,61.86999893,62.22000122,60.75999832,60.88000107,16093600
12/24/2024,61.70999908,61.97999954,60.88000107,61.97000122,7882500
12/26/2024,61.56000137,61.97000122,61.15999985,61.59999847,12659000
12/27/2024,61.13000107,61.25999832,60.02000046,61.18600082,13483600
12/30/2024,60.77000046,61.36999893,60.11999893,60.50999832,17709200
12/31/2024,60.31999969,61.09999847,60.16999817,61,14487300
1/2/2025,63.16999817,63.38999939,61.31000137,62.18999863,25899100
1/3/2025,64.58999634,65.22000122,63.43999863,63.68999863,28553800
1/6/2025,66.30999756,67.34999847,66.04000092,66.97000122,32980700
1/7/2025,66.15000153,68.83999634,65.94999695,68.48999786,35347800
1/8/2025,64.91000366,66.68000031,64.12000275,66.40000153,24523300
1/10/2025,65.97000122,66.59999847,63.95999908,64.5,30728800
1/13/2025,65.69999695,67.19499969,65.01999664,65.15499878,23960100
1/14/2025,64.83999634,66.80999756,64.62000275,66.16000366,25735800
1/15/2025,67.01999664,67.24500275,66.01000214,66.01000214,22704800
1/16/2025,68.58000183,69.58000183,67.63999939,67.75,29013100
1/17/2025,67.33999634,69.01999664,67.23000336,68.80000305,27139200
1/21/2025,67.73999786,68.18000031,66.84999847,68,21423600
1/22/2025,67.81999969,68.43000031,67.5,68.38999939,18130000
1/23/2025,68.30000305,68.37000275,67.23999786,67.59999847,15355400
1/24/2025,68.55999756,69.30999756,68.40000153,68.69000244,14360300
1/27/2025,68.76999664,69.41000366,67.37000275,67.63999939,20904600
1/28/2025,68.06999969,69.67500305,67.16200256,68.33000183,24988500
1/29/2025,66.75,68.05999756,65.81999969,67.80000305,29592600
1/30/2025,66.58999634,67.22200012,63.41999817,63.41999817,33246500
1/31/2025,66.84999847,67.87000275,66.33300018,67.08999634,19776000
2/3/2025,67.29000092,68.84999847,65.1780014,65.30000305,25290000
2/4/2025,69.75,70.19000244,67.69000244,67.69000244,33786200
2/5/2025,64.48000336,66.75,63.5,66.5,78975900
2/6/2025,69.98999786,70.05000305,65.54000092,65.66999817,45940200
2/7/2025,74.59999847,76.77500153,70.12999725,70.36000061,81813200
2/10/2025,78.62999725,78.98999786,76.80000305,77.09999847,42551700
2/11/2025,76.94999695,79.19999695,76.59999847,78.91000366,27329600
2/12/2025,79.34999847,80.09999847,74.15000153,74.97000122,33142400
2/13/2025,80.29000092,80.52999878,78.51000214,79.12000275,21754700
2/14/2025,79.41999817,80.34999847,78.87000275,80.34999847,15405700
2/18/2025,81.48999786,81.51000214,79.75,79.84999847,18943200
2/19/2025,81.16000366,81.90000153,79.26000214,80.79000092,14973400
2/20/2025,81.26000214,81.83999634,80.05999756,81.23000336,14770300
2/21/2025,78.88999939,82.09999847,78.36000061,81.26000214,21774300
2/24/2025,76.41999817,78.87999725,74.84999847,78.65000153,24368400
2/25/2025,74.94999695,76.37000275,73.52999878,76.36000061,19559200
2/26/2025,75.87000275,76.48999786,75.30999756,75.33000183,10328900
2/27/2025,74.20999908,77.69000244,73.70999908,75.94999695,22535900
2/28/2025,76.01000214,76.11000061,73.58000183,74.27999878,17752000
3/3/2025,74.44000244,77.73999786,73.68000031,77.05999756,16999500
3/4/2025,75.26000214,76.68000031,71.59999847,72.93000031,24241200
3/5/2025,76.48000336,76.94000244,74.93000031,75.65000153,13122300
3/6/2025,74.95999908,77.22000122,74.72499847,75.31500244,16504900
3/7/2025,76.26999664,76.69999695,73.77999878,73.98999786,18610400
3/10/2025,73.05999756,75.48999786,71.97000122,74.94000244,22120100
3/11/2025,70.65000153,74.25,69.56999969,71.44000244,26668200
3/12/2025,71.19999695,72.41999817,69.55000305,72.30999756,17315000
3/13/2025,69.51000214,72,69.36000061,71.68000031,15272200
3/14/2025,71.55000305,71.79000092,70.33000183,70.55000305,13537300
3/17/2025,72.73000336,73.80999756,71.77500153,72.01999664,20577800
3/18/2025,71.55000305,72.67500305,70.48000336,72.19999695,16137500
3/19/2025,73.01999664,73.78500366,70.73000336,71.91999817,15042100
3/20/2025,74.34999847,75.54000092,72.45999908,72.55999756,17851400
3/21/2025,75.83999634,76,72.76999664,73.72000122,26551400
3/24/2025,76.51000214,77.58399963,75.44000244,76.97000122,18126300
3/25/2025,75.61000061,76.70999908,75.05000305,76.59999847,16065900
3/26/2025,74.18000031,75.63999939,73.22499847,75.55000305,11828600
3/27/2025,74.86000061,75.62000275,73.52999878,73.89499664,11866800
3/28/2025,72.75,74.91999817,72.3809967,74.5,11277900
3/31/2025,72.86000061,73.30000305,70.5,71.40000153,16033100
4/1/2025,72.98999786,73.06999969,70.83000183,72.59999847,16889200
4/2/2025,74.5,75.41000366,72,72,14806900
4/3/2025,69.84999847,72.43599701,69.76699829,71.72000122,23290800
4/4/2025,64.62000275,67.55899811,63.93999863,66.69499969,34938700
4/7/2025,65.63999939,67.58699799,60.63000107,62.52000046,32841700
4/8/2025,65.06999969,70.06999969,63.5,69.30999756,24045200
4/9/2025,72.68000031,73.40000153,64.94999695,65,30148800
4/10/2025,70.94000244,72.87000275,68.33999634,71.75,22373900
4/11/2025,72.27999878,72.40000153,69.33000183,70.45999908,16274600
4/14/2025,73.09999847,73.65000153,72.23000336,73.51999664,12483200
4/15/2025,74.01999664,74.72000122,73.09999847,73.09999847,13790200
4/16/2025,73.05999756,74.80000305,72.05200195,73.57499695,15990800
4/17/2025,75.23999786,75.91000366,73.76000214,73.98000336,21893400
4/21/2025,72.91999817,75.44000244,71.27100372,74.44000244,20634600
4/22/2025,74.44000244,75.55999756,73.34999847,73.84999847,16599300
4/23/2025,73.76999664,77.58000183,73.23000336,76.92500305,22750200
4/24/2025,78.09999847,78.37999725,73.86000061,74.15499878,22188500
4/25/2025,77.75,80.5510025,77.47000122,78.56500244,20047800
4/28/2025,78.33000183,78.77999878,77.04000092,78.10500336,13324200
4/29/2025,79.41999817,79.73000336,78.02999878,78.33000183,12172200
4/30/2025,81.01000214,81.21900177,77.30000305,77.76999664,17762800
5/1/2025,80.88999939,81.91999817,80.66999817,81,18698500
5/2/2025,84.27999878,84.91999817,81.80000305,82.08999634,22401800
5/5/2025,85.43000031,86.56999969,82.97000122,83.05000305,25339000
5/6/2025,85.83000183,86.52999878,83.10099792,83.5,30378900
5/7/2025,83.65000153,85.16999817,80.12000275,83.12999725,49238800
5/8/2025,82.30000305,84,82,83.87000275,24293100
5/9/2025,82.80999756,84.12200165,82.31999969,82.84999847,19105400
5/12/2025,88.09999847,88.30999756,82.22000122,84.61499786,39104600
5/13/2025,91.72000122,92.16999817,86.93000031,87.41000366,36770800
5/14/2025,90.41000366,91.65000153,89.68000031,90.58000183,30640100
5/15/2025,90.16000366,91.11299896,89.24199677,89.66000366,20481600
5/16/2025,91.79000092,92.90000153,89.70999908,90.55000305,21909600
5/19/2025,92.45999908,92.54499817,90.55999756,90.87999725,19252100
5/20/2025,91.87000275,93.59999847,90.61000061,93.34999847,20851300
5/21/2025,88.66999817,91.04000092,88,90.63999939,25035100
5/22/2025,88,89.26000214,87.87999725,88.44999695,16496000
5/23/2025,87.75,88.48999786,86.69999695,87.20500183,17929700
5/27/2025,89,89.71499634,87.88999939,89.16999817,17446900
5/28/2025,88.26000214,89.87999725,88.12000275,89.29000092,13810300
5/29/2025,84.30000305,87.87000275,82.95999908,87.58000183,38116300
5/30/2025,84.16000366,84.65000153,82.54000092,84.52999878,29050900
6/2/2025,83.63999939,84.76000214,82.63999939,84.48000336,17047000
6/3/2025,82.52999878,83.79000092,81.86000061,83.57499695,25668400
6/4/2025,83.44999695,84.70999908,82.98999786,83.19000244,20080500
6/5/2025,84.66999817,85.75,83.08000183,83.40000153,33304500
6/6/2025,85.59999847,86.69000244,85.02999878,85.40000153,28172700
6/9/2025,87.12000275,87.86000061,86.19999695,86.31999969,22780800
6/10/2025,86.38999939,88.37999725,85.59999847,88.29000092,24494800
6/11/2025,86.58000183,87.59999847,85.94000244,87.58999634,15364200
6/12/2025,85.62000275,86.79000092,84.87000275,86.11000061,18776100
6/13/2025,83.93000031,85.56999969,83.375,84.80999756,18003000
6/16/2025,85.12000275,86.01999664,84.70999908,84.84999847,12254200
6/17/2025,84.76000214,85.48000336,84.23999786,84.56999969,13677800
6/18/2025,83.44000244,86.48000336,82.30999756,85.16999817,25976700
6/20/2025,83.77999878,85.37000275,83.62000275,84.47000122,27472100
6/23/2025,85.23999786,85.24500275,82.47000122,83.02999878,18407500
6/24/2025,91.65000153,92.48000336,87.91000366,87.98999786,38925100
6/25/2025,90.90000153,92.88999939,90.59999847,91.56500244,17400800
6/26/2025,93.12000275,94.37999725,90.87999725,91.30000305,23657800
6/27/2025,91.52999878,92.51000214,89.97000122,92.09999847,24731200
6/30/2025,93.30000305,93.38500214,91.51999664,91.68499756,16155300
7/1/2025,92.12999725,93.23999786,90.30999756,92.84999847,17124000
7/2/2025,92.05000305,94.09999847,91.55000305,91.87999725,13604000
7/3/2025,93.62999725,94.11000061,92.61000061,92.62999725,8112600
7/7/2025,96.68000031,97.12000275,93.54000092,93.54000092,29817200
7/8/2025,97.48000336,97.59999847,95.11000061,96.88999939,20586800
7/9/2025,96.63999939,97.71499634,96.09999847,97.5,14858900
7/10/2025,96.40000153,97.44999695,95.12000275,96.06999969,15644400
7/11/2025,95.38999939,96.83499908,95.26999664,96.125,12453500
7/14/2025,93.88999939,95.48000336,93.55999756,95.19000244,14300200
7/15/2025,92.20999908,95.16000366,91.84999847,95,18488400
7/16/2025,90.75,92.75,89.80999756,92.65000153,17636000
7/17/2025,90.5,91.40000153,89.90000153,91.20500183,16903600
7/18/2025,90.58999634,91.16999817,89.40499878,90.80000305,14223500
7/21/2025,91.16000366,91.93000031,90.52999878,90.84999847,12150600
7/22/2025,91.79000092,92.26000214,89.87999725,91.48000336,11561800
7/23/2025,89.94000244,92.69999695,89.86499786,92.69999695,18617900
7/24/2025,90.87000275,93.61000061,90.87000275,91.05000305,23446200
7/25/2025,91.29000092,91.37999725,89.5,90.48999786,13864100
7/28/2025,90.59999847,92.34999847,90.23999786,91.30999756,11606100
7/29/2025,87.11000061,89.16000366,86.36000061,88.88500214,24966200
7/30/2025,87.63999939,87.80500031,86.47499847,87.23999786,16862800
7/31/2025,87.75,88.83999634,86.61000061,87.52500153,16922400
8/1/2025,86.91000366,87.05500031,85.41999817,86.50499725,15732500
8/4/2025,88.43000031,88.58999634,87.41000366,87.69999695,15138900
8/5/2025,89.38999939,90.95500183,89.05000305,89.37000275,25856000
8/6/2025,89.22000122,90.95999908,86.30000305,90.94999695,40169800
8/7/2025,92.66999817,92.73999786,89.16000366,90.72000122,28522200
8/8/2025,89.55999756,94.30999756,88.91000366,92.95999908,26212500
8/11/2025,90.58000183,91.43000031,88.91999817,89.80999756,16668900
8/12/2025,91.73000336,92.55500031,91.13999939,91.19000244,12509000
8/13/2025,90.83000183,92.19999695,89.91000366,92.05000305,16867300
8/14/2025,91.40000153,92.31999969,90.10500336,90.34999847,14525100
8/15/2025,92.59999847,93.90000153,90.86000061,91.65000153,15841800
8/18/2025,93.98000336,94.40000153,91.88999939,92.22000122,16471300
8/19/2025,95.31999969,96.59500122,93.84999847,94,21177300
8/20/2025,93.73000336,94.95999908,91.44000244,94.83000183,15194800
8/21/2025,94.23000336,95,92.80999756,93.62000275,12864100
8/22/2025,96.79000092,97.54000092,94.29000092,94.45999908,15584900
8/25/2025,95.16000366,97.5,95.125,95.66000366,10938100
8/26/2025,96.52999878,96.81999969,94.36000061,94.87999725,17163400
8/27/2025,95.33000183,96.94999695,95.33000183,96.5,11364300
8/28/2025,95.95999908,96.11000061,94.08000183,96.02500153,12024300
8/29/2025,93.75,96.15000153,91.61000061,95.99500275,19310000
9/2/2025,92.80999756,93.53700256,91.91999817,92.26000214,12883300
9/3/2025,92.94000244,94.76499939,92.18000031,92.75,12052200
9/4/2025,91.98000336,93.125,90.93000031,93.11000061,15960100
9/5/2025,90.98999786,92.52999878,88.83999634,92.52999878,20384500
9/8/2025,94.36000061,94.55999756,91.37999725,91.37999725,18906600
9/9/2025,95.44999695,95.48000336,92.76999664,94.5,11850200
9/10/2025,94.20999908,96.09999847,93.70999908,95.51000214,15944200
9/11/2025,94.68000031,96.31999969,94,94.55000305,16190100
9/12/2025,95.88999939,96.26999664,93.70999908,94.48999786,13659200
9/15/2025,98.84999847,98.86000061,95.51999664,95.80000305,18652400
9/16/2025,97.83000183,99.69999695,97.01999664,99.41999817,17257900
9/17/2025,92.94999695,97.23999786,92.12000275,96.06999969,44094000
9/18/2025,94.69999695,95.05000305,93.20999908,93.93000031,23075200
9/19/2025,98.51000214,98.83000183,94.90000153,95,38735000
9/22/2025,99.38999939,101.9899979,98.5,99,29820100
9/23/2025,97.80000305,100.1800003,97.64499664,99.86000061,15101100
9/24/2025,97.77999878,99.86000061,96.93000031,98.88999939,12523400
9/25/2025,97.59999847,97.87000275,95.90000153,97.30000305,11255800
9/26/2025,98.44999695,98.52999878,97.02999878,97.79499817,10356100
9/29/2025,99.56999969,100.2600021,98.58499908,99.31999969,16320900
9/30/2025,97.97000122,99.75,96.65000153,99.58999634,16793400
10/1/2025,96.61000061,99.08499908,96.56999969,97.47499847,16608500
10/2/2025,96.61000061,97.20999908,94.76000214,97.08000183,16046400
10/3/2025,96.59999847,98.30000305,96.45999908,96.94999695,10556400
10/6/2025,100.0999985,101.2949982,96.88999939,96.95999908,22760900
10/7/2025,97.80000305,100.6900024,97,100.1299973,12583600
10/8/2025,99.27999878,99.61000061,97.19999695,97.94000244,10071200
10/9/2025,96,100.1699982,95.83000183,99.96499634,13435700
10/10/2025,93.40000153,96.44999695,93.33000183,96.30000305,17021100
10/13/2025,94.08000183,95.25,93.43000031,95,11031400
10/14/2025,94.25,95.18000031,92.45999908,93.77999878,11178000
10/15/2025,94.51999664,96.98999786,93.79000092,95.86000061,14347100
10/16/2025,92.51999664,95.45999908,91.18000031,94.44000244,17214800
10/17/2025,92.30000305,92.83000183,91.45999908,92,14282100
10/20/2025,93.69999695,94.5,92.84999847,93,11274900
10/21/2025,93.02999878,94.55000305,92.97000122,93.58999634,10503300
10/22/2025,92.20999908,93.41500092,91.42099762,92.76999664,11351400
10/23/2025,94.61000061,95.69999695,92.40000153,92.5,17121600
10/24/2025,94.06999969,95.26000214,93.90000153,95.15000153,12014600
10/27/2025,96.41999817,96.66000366,94.52999878,94.91000366,11748300
10/28/2025,95.43000031,97.73000336,95.41000366,96.76999664,17138300
10/29/2025,95.76000214,96.88999939,94.52999878,96.23999786,14532900
10/30/2025,96.48999786,97.62000275,94.55999756,95.41000366,13556600
10/31/2025,96.5,98.44999695,96.15000153,97.45999908,15333400
11/3/2025,99.72000122,100.3499985,96.77999878,97.66000366,28836500
11/4/2025,94.66999817,95.02999878,90.08000183,91.97000122,48787300
11/5/2025,92.75,95.44000244,92.51999664,95.01000214,20150800
11/6/2025,92.12000275,92.76999664,90.81999969,92,18316200
11/7/2025,91.98999786,93.16999817,90.29799652,91.61000061,16489900
11/10/2025,94.09999847,94.30999756,92.25,92.98999786,13310200
11/11/2025,93.59999847,94.16000366,92.97000122,93.65000153,13276300
11/12/2025,93.56999969,95.18000031,92.76000214,94.11000061,16004600
11/13/2025,91.77999878,94.05999756,91.34999847,93.69999695,16367500
11/14/2025,91.62000275,92.62000275,89.62000275,90.05999756,12475600
11/17/2025,92.11000061,92.58000183,90.73999786,91.30999756,16922500
11/18/2025,90.86000061,92.92299652,89.33000183,92.09999847,17439400
11/19/2025,89.52999878,91.08000183,88.88999939,90.59999847,18256200
11/20/2025,83.36000061,90.54000092,82.94000244,90.19999695,41734000
11/21/2025,83.87000275,84,81.51000214,83.97000122,33783100
11/24/2025,83.69000244,84.51999664,83.02999878,84.15000153,24883200
11/25/2025,83.69000244,84.26499939,82.38999939,83.80000305,18482200
11/26/2025,85.66000366,86.35500336,83.65000153,84.11000061,20448700
11/28/2025,87.54000092,87.62000275,86.23999786,86.51000214,9069400
12/1/2025,86.56999969,87.61000061,85.47499847,86.98999786,17517200
12/2/2025,87.56999969,88.44000244,85.62999725,86.02999878,18930400
12/3/2025,90.68000031,91.37999725,88.95200348,89.84500122,21335800
12/4/2025,90.98999786,91,89.44999695,90.18000031,13145300
12/5/2025,91.31999969,92.75,90.45999908,90.72000122,11154600
12/8/2025,92.56999969,92.77999878,90.76999664,90.76999664,12646900
12/9/2025,89.06999969,92.01000214,88.90499878,91.80999756,17117500
12/10/2025,84.16000366,88.75,82.72000122,88.63999939,51202000
12/11/2025,85.44000244,85.74500275,83.33999634,84.05500031,23346300
12/12/2025,85.11000061,86.44999695,84.51799774,85.5,16211600
12/15/2025,81.86000061,83.62000275,81.16500092,83.45999908,32070900
12/16/2025,80.91999817,82.05000305,80.26000214,81.74500275,24465100
12/17/2025,79.13999939,81.30000305,78.77999878,80.80999756,28007500
12/18/2025,79.69000244,80.70999908,79.55000305,80.36000061,18681800
12/19/2025,79.30999756,79.98999786,78.30999756,79.76999664,34353300
12/22/2025,81.26000214,82.25,80.90000153,81.31999969,20570400
12/23/2025,80.97000122,81.41999817,80.34999847,81.01000214,10445500
12/24/2025,81.15000153,81.41000366,80.58000183,81.01000214,4310700
12/26/2025,81.26000214,81.5,80.68000031,81.19999695,6741600
12/29/2025,81.5,82.19999695,80.78500366,80.91000366,12072600
12/30/2025,82.12000275,82.5,81.52999878,81.73999786,9500700
12/31/2025,81.70999908,82.54499817,81.41999817,82,8428400
1/2/2026,82.86000061,83.66000366,81.47000122,82.04000092,13095100
1/5/2026,80.73999786,82.83999634,79.57499695,81.61000061,24036800
1/6/2026,85.54000092,85.65000153,81.08999634,81.18000031,27508700
1/7/2026,86.19000244,87.73999786,85.65499878,86.23999786,25293400
1/8/2026,87.58999634,88.23999786,85.34999847,85.76000214,15499200
1/9/2026,85.44000244,87.27999878,84.88400269,87.26999664,15881500
1/12/2026,84.66999817,85.48000336,83.76999664,84.63999939,12687800
1/13/2026,85.41000366,85.94000244,83.69999695,84.20999908,14809300
1/14/2026,84.65000153,85.98999786,83.5,85.37000275,15510800
1/15/2026,84.37999725,86.34999847,82.73000336,85.80999756,18892900
1/16/2026,84.84999847,85,83,84.15000153,20738900
1/20/2026,83.72000122,83.80999756,82.34999847,83.05999756,19429300
1/21/2026,84.26000214,85.61000061,82.94999695,84.38999939,21171900
1/22/2026,82.55999756,85.43000031,81.51000214,83.5,19457200
1/23/2026,82.30999756,83.55999756,81.47000122,82.65000153,14703800
1/26/2026,81.98000336,83.33000183,81.91000366,82.34999847,16556400
1/27/2026,81.23999786,82.08499908,79.86000061,81.94999695,19993700
1/28/2026,79.77999878,81.84700012,79.73500061,81.16000366,19317300
1/29/2026,81.69999695,82.08000183,79.95999908,80.44000244,26857800
1/30/2026,80.05000305,82.09999847,79.41999817,80.91000366,24344100
